Ref_Interne; Materiel; NumeroSerie; Type; Marque; Quantite; DataAchat; PrixAchat; DateSortie; QuantiteSortie; NatureSortie; QuantiteRestante; DureeUtilisationPrevisionelle; FequenceUtilisation; LieuStockage; nom; 
BRICO_A_011; Jeu de 7 forets SDS-PLUS 6/7/8/10/11/12/14X100X160 pour perforateur SDS-PLUS; NA; LONGLIFE; BOSCH; 6; 2000-01-01; 2; 2000-01-01; 0; NA; 6; 10 ans; 1/15 jours; Air-RPBricolage;  ; 
BRICO_A_012; Foret SDS-PLUS S4 16X400X450 QUADRO X double helice pour perforateur SDS-PLUS; NA; Quadro-X; BOSCH; 2; 2000-01-01; 2; 2000-01-01; 0; NA; 2; 10 ans; 1/15 jours; Air-RPBricolage;  ; 
BRICO_A_013; Foret SDS-PLUS S4 18X400X450 QUADRO X double helice pour perforateur SDS-PLUS; NA; Quadro-X; BOSCH; 2; 2000-01-01; 2; 2000-01-01; 0; NA; 2; 10 ans; 1/15 jours; Air-RPBricolage;  ; 
BRICO_A_014; Foret SDS-PLUS S4 20X400X450 QUADRO X double helice pour perforateur SDS-PLUS; NA; Quadro-X; BOSCH; 2; 2000-01-01; 2; 2000-01-01; 0; NA; 2; 10 ans; 1/15 jours; Air-RPBricolage;  ; 
BRICO_A_015; Foret SDS-PLUS S4 22X400X450 QUADRO X double helice pour perforateur SDS-PLUS; NA; Quadro-X; BOSCH; 2; 2000-01-01; 2; 2000-01-01; 0; NA; 2; 10 ans; 1/15 jours; Air-RPBricolage;  ; 
BRICO_A_016; Foret SDS-PLUS S4 24X400X450 QUADRO X double helice pour perforateur SDS-PLUS; NA; Quadro-X; BOSCH; 2; 2000-01-01; 2; 2000-01-01; 0; NA; 2; 10 ans; 1/15 jours; Air-RPBricolage;  ; 
BRICO_A_017; Coffret d'embout de vissage (29 pieces + 1 porte embout) pour perceuse-visseuse DS14DVF; NA; Coffret 31 embouts; PINACOTTE; 2; 2000-01-01; 1; 2000-01-01; 0; NA; 1; 10 ans; 1/15 jours; Air-RPBricolage;  ; 
BRICO_A_018; Foret SDS-MAX 25X450X570 QUADRO X pour DH38MSLA; NA; 750934; HITACHI; 1; 2000-01-01; 3; 2000-01-01; 0; NA; 1; 10 ans; 1/15 jours; Air-RPBricolage;  ; 
BRICO_A_019; Foret SDS-MAX 30X450X570 QUADRO X pour DH38MSLA; NA; Quadro-X; BOSCH; 1; 2000-01-01; 3; 2000-01-01; 0; NA; 1; 10 ans; 1/15 jours; Air-RPBricolage;  ; 
BRICO_A_021; Foret SDS-MAX 40X450X570 QUADRO X pour DH38MSLA; NA; Quadro-X; BOSCH; 1; 2000-01-01; 3; 2000-01-01; 0; NA; 1; 10 ans; 1/15 jours; Air-RPBricolage;  ; 
BRICO_A_022; Boite de 16 forets : 5 beton (4,5,6,8,10mm) + 5 bois (3,4,5,6,8 mm) 6 acier (2,3,4,5,6,8 mm) pour perceuse-visseuse ou perforateur; NA; BOX PERCU 23; HITACHI; 2; 2000-01-01; 2; 2000-01-01; 0; NA; 2; 10 ans; 1/15 jours; Air-RPBricolage;  ; 
BRICO_A_035; Lot de 3 burins (pointu, plat, beche) SDS-PLUS 250mm longueur; NA; ; BOSCH; 2; 2000-01-01; 2; 2000-01-01; 0; NA; 2; 10 ans; 1/15 jours; Air-RPBricolage;  ; 
BRICO_A_037; Disque diamant 125mm pour meuleuse; NA; ; BOSCH; 1; 2000-01-01; 2; 2000-01-01; 0; NA; 1; 10 ans; 1/15 jours; Air-RPBricolage;  ; 
BRICO_A_038; burin special carrelage SDS-PLUS 250mm longueur 40; ; ; ; 1; 2000-01-01; 1; 2000-01-01; 0; NA; 1; 10 ans; 1/15 jours; Air-RPBricolage;  ; 
BRICO_A_039; SDS-MAX burin pointu longueur : 400mm; ; ; ; 3; 2000-01-01; 3; 2000-01-01; 0; NA; 3; 10 ans; 1/15 jours; Air-RPBricolage;  ; 
BRICO_A_040; SDS-MAX burin plat longueur : 400mm; ; ; ; 3; 2000-01-01; 3; 2000-01-01; 0; NA; 3; 10 ans; 1/15 jours; Air-RPBricolage;  ; 
BRICO_A_041; Charrue labour avec adaptateur pour motobineuse; ; ; ; 1; 2000-01-01; 6; 2000-01-01; 0; NA; 1; 10 ans; 1/15 jours; Air-RPBricolage;  ; 
BRICO_A_042; Meche diametre 90 mm pour tariere; ; ; ; 1; 2000-01-01; 5; 2000-01-01; 0; NA; 1; 10 ans; 1/15 jours; Air-RPBricolage;  ; 
BRICO_A_043; Meche Diametre 200 mm pour tariere; ; ; ; 1; 2000-01-01; 5; 2000-01-01; 0; NA; 1; 10 ans; 1/15 jours; Air-RPBricolage;  ; 
BRICO_A_044; Tete universelle debrousailleuse special pro; ; ; ; 1; 2000-01-01; 3; 2000-01-01; 0; NA; 1; 10 ans; 1/15 jours; Air-RPBricolage;  ; 
BRICO_A_047; Lame scie sabre 200 mm diamant pour metal et carrelage (ref. 800RGD); ; ; ; 1; 2000-01-01; 5; 2000-01-01; 0; NA; 1; 10 ans; 1/15 jours; Air-RPBricolage;  ; 
BRICO_A_049; Disque diamant 230mm pour meuleuse; ; ; ; 1; 2000-01-01; 6; 2000-01-01; 0; NA; 1; 10 ans; 1/15 jours; Air-RPBricolage;  ; 
BRICO_A_050; Rallonge Tarriere; ; ; ; 2; 2000-01-01; 1; 2000-01-01; 0; NA; 2; 10 ans; 1/15 jours; Air-RPBricolage;  ; 
BRICO_A_052; Couronne de forage ?á eau diamant?®e diametre 62 mm; ; ; ; 1; 2000-01-01; 11; 2000-01-01; 0; NA; 1; 10 ans; 1/15 jours; Air-RPBricolage;  ; 
BRICO_A_053; Couronne de forage ?á eau diamant?®e diametre 127; ; ; ; 1; 2000-01-01; 14; 2000-01-01; 0; NA; 1; 10 ans; 1/15 jours; Air-RPBricolage;  ; 
BRICO_A_054; SDS-MAX burin special carrelage longueur : 400mm; ; ; ; 1; 2000-01-01; 3; 2000-01-01; 0; NA; 1; 10 ans; 1/15 jours; Air-RPBricolage;  ; 
BRICO_A_055; SDS-MAX burin plat large (40mm) longueur : 400mm; ; ; ; 1; 2000-01-01; 3; 2000-01-01; 0; NA; 1; 10 ans; 1/15 jours; Air-RPBricolage;  ; 
BRICO_A_056; Nettoyeur de surface FR 30 Karcher; ; ; KARCHER; 1; 2000-01-01; 3; 2000-01-01; 0; NA; 1; 10 ans; 1/15 jours; Air-RPBricolage;  ; 
BRICO_A_057; lance telescopique extensible en continu de 1,8 ?ï¿½ 5,4 m avec buse basse pression pour nettoyeur Haute pression karcher; NA; Lance; KARCHER; 1; 2000-01-01; 7; 2000-01-01; 0; NA; 1; 10 ans; 1/15 jours; Air-RPBricolage;  ; 
BRICO_A_058; Buse pour arrosage de jardin; ; ; ; 1; 2000-01-01; 0; 2000-01-01; 0; NA; 1; 10 ans; 1/15 jours; Air-RPBricolage;  ; 
BRICO_A_059; herisson ramonage - rond - diametre 80mm - Nylon; NA; Diametre[voir titre] - Pas 12x175; Progalva; 1; 2000-01-01; 1; 2000-01-01; 0; NA; 1; 10 ans; 1/15 jours; Air-RPBricolage;  ; 
BRICO_A_060; herisson ramonage - rond - diametre 100mm pour VMC - Nylon; NA; Diametre[voir titre] - Pas 12x175; Progalva; 1; 2000-01-01; 1; 2000-01-01; 0; NA; 1; 10 ans; 1/15 jours; Air-RPBricolage;  ; 
BRICO_A_061; herisson ramonage - rond - diametre 111mm pour VMC - Nylon; NA; Diametre[voir titre] - Pas 12x175; Progalva; 1; 2000-01-01; 1; 2000-01-01; 0; NA; 1; 10 ans; 1/15 jours; Air-RPBricolage;  ; 
BRICO_A_063; herisson ramonage - rond - diametre 125mm pour VMC - Nylon; NA; Diametre[voir titre] - Pas 12x175; Progalva; 1; 2000-01-01; 1; 2000-01-01; 0; NA; 1; 10 ans; 1/15 jours; Air-RPBricolage;  ; 
BRICO_A_064; herisson ramonage - rond - diametre 139mm pour VMC - Nylon; NA; Diametre[voir titre] - Pas 12x175; Progalva; 1; 2000-01-01; 1; 2000-01-01; 0; NA; 1; 10 ans; 1/15 jours; Air-RPBricolage;  ; 
BRICO_A_065; herisson ramonage - rond - diametre 150mm - Nylon; NA; Diametre[voir titre] - Pas 12x175; Progalva; 1; 2000-01-01; 1; 2000-01-01; 0; NA; 1; 10 ans; 1/15 jours; Air-RPBricolage;  ; 
BRICO_A_066; herisson ramonage - rond - diametre 180mm - nylon; NA; Diametre[voir titre] - Pas 12x175; Progalva; 1; 2000-01-01; 1; 2000-01-01; 0; NA; 1; 10 ans; 1/15 jours; Air-RPBricolage;  ; 
BRICO_A_067; herisson ramonage - rond - diametre 200mm - nylon; NA; Diametre[voir titre] - Pas 12x175; Progalva; 1; 2000-01-01; 1; 2000-01-01; 0; NA; 1; 10 ans; 1/15 jours; Air-RPBricolage;  ; 
BRICO_A_068; herisson ramonage - rond - diametre 200mm - metal; NA; Diametre[voir titre] - Pas 12x175; Progalva; 1; 2000-01-01; 1; 2000-01-01; 0; NA; 1; 10 ans; 1/15 jours; Air-RPBricolage;  ; 
BRICO_A_069; herisson ramonage - rond - diametre 230mm - Nylon; NA; Diametre[voir titre] - Pas 12x175; Progalva; 1; 2000-01-01; 1; 2000-01-01; 0; NA; 1; 10 ans; 1/15 jours; Air-RPBricolage;  ; 
BRICO_A_070; herisson ramonage - rond - diametre 250mm - Nylon; NA; Diametre[voir titre] - Pas 12x175; Progalva; 1; 2000-01-01; 1; 2000-01-01; 0; NA; 1; 10 ans; 1/15 jours; Air-RPBricolage;  ; 
BRICO_A_071; herisson ramonage - rond - diametre 280mm - Nylon; NA; Diametre[voir titre] - Pas 12x175; Progalva; 1; 2000-01-01; 1; 2000-01-01; 0; NA; 1; 10 ans; 1/15 jours; Air-RPBricolage;  ; 
BRICO_A_072; herisson ramonage - rond - diametre 300mm - Nylon; NA; Diametre[voir titre] - Pas 12x175; Progalva; 1; 2000-01-01; 1; 2000-01-01; 0; NA; 1; 10 ans; 1/15 jours; Air-RPBricolage;  ; 
BRICO_A_073; herisson ramonage - rond - diametre 300mm - Metal; NA; Diametre[voir titre] - Pas 12x175; Progalva; 1; 2000-01-01; 1; 2000-01-01; 0; NA; 1; 10 ans; 1/15 jours; Air-RPBricolage;  ; 
BRICO_A_074; herisson ramonage - rond - diametre 330mm - Nylon; NA; Diametre[voir titre] - Pas 12x175; Progalva; 1; 2000-01-01; 1; 2000-01-01; 0; NA; 1; 10 ans; 1/15 jours; Air-RPBricolage;  ; 
BRICO_A_075; herisson ramonage - rond - diametre 350mm - Nylon; NA; Diametre[voir titre] - Pas 12x175; Progalva; 1; 2000-01-01; 1; 2000-01-01; 0; NA; 1; 10 ans; 1/15 jours; Air-RPBricolage;  ; 
BRICO_A_076; herisson ramonage - rond - diametre 400mm - Nylon; NA; Diametre[voir titre] - Pas 12x175; Progalva; 1; 2000-01-01; 1; 2000-01-01; 0; NA; 1; 10 ans; 1/15 jours; Air-RPBricolage;  ; 
BRICO_A_077; herisson ramonage - rond - diametre 500mm - Nylon; NA; Diametre[voir titre] - Pas 12x175; Progalva; 1; 2000-01-01; 1; 2000-01-01; 0; NA; 1; 10 ans; 1/15 jours; Air-RPBricolage;  ; 
BRICO_A_078; herisson ramonage - rond - diametre 600mm - Nylon; NA; Diametre[voir titre] - Pas 12x175; Progalva; 1; 2000-01-01; 1; 2000-01-01; 0; NA; 1; 10 ans; 1/15 jours; Air-RPBricolage;  ; 
BRICO_A_079; herisson ramonage - rond - diametre 800mm - Nylon; NA; Diametre[voir titre] - Pas 12x175; Progalva; 1; 2000-01-01; 1; 2000-01-01; 0; NA; 1; 10 ans; 1/15 jours; Air-RPBricolage;  ; 
BRICO_A_080; herisson ramonage - carre- 200mm - Nylon; NA; Diametre[voir titre] - Pas 12x175; Progalva; 1; 2000-01-01; 1; 2000-01-01; 0; NA; 1; 10 ans; 1/15 jours; Air-RPBricolage;  ; 
BRICO_A_081; herisson ramonage - carre- 250mm - Nylon; NA; Diametre[voir titre] - Pas 12x175; Progalva; 1; 2000-01-01; 1; 2000-01-01; 0; NA; 1; 10 ans; 1/15 jours; Air-RPBricolage;  ; 
BRICO_A_082; herisson ramonage - carre- 300mm - Nylon; NA; Diametre[voir titre] - Pas 12x175; Progalva; 1; 2000-01-01; 1; 2000-01-01; 0; NA; 1; 10 ans; 1/15 jours; Air-RPBricolage;  ; 
BRICO_A_083; herisson ramonage - carre- 400mm - Nylon; NA; Diametre[voir titre] - Pas 12x175; Progalva; 1; 2000-01-01; 1; 2000-01-01; 0; NA; 1; 10 ans; 1/15 jours; Air-RPBricolage;  ; 
BRICO_A_084; herisson ramonage - carre- 500mm - Nylon; NA; Diametre[voir titre] - Pas 12x175; Progalva; 1; 2000-01-01; 1; 2000-01-01; 0; NA; 1; 10 ans; 1/15 jours; Air-RPBricolage;  ; 
BRICO_A_085; herisson ramonage - rectangulaire - 200mm x 300mm - Nylon; NA; Diametre[voir titre] - Pas 12x175; Progalva; 1; 2000-01-01; 1; 2000-01-01; 0; NA; 1; 10 ans; 1/15 jours; Air-RPBricolage;  ; 
BRICO_A_086; herisson ramonage - rectangulaire - 200mm x 400mm - Nylon; NA; Diametre[voir titre] - Pas 12x175; Progalva; 1; 2000-01-01; 1; 2000-01-01; 0; NA; 1; 10 ans; 1/15 jours; Air-RPBricolage;  ; 
BRICO_A_087; Flexible + buse de nettoyage de canalisation (20m); ; ; ; 1; 2015-10-24; 330.24; 2000-01-01; 0; NA; 1; 10 ans; 1/15 jours; Air-RPBricolage;  ; 
BRICO_I_048; COMPRESSEUR PISTONS 5CV 50L 230V MONOPHASE; ; ; ; 1; 2000-01-01; 373.51; 2000-01-01; 0; NA; 1; 10 ans; 1/15 jours; Air-RPBricolage;  ; 
BRICO_I_052; MARCHEPIED 4 MARCHES PRO 300 ALUMINIUM; ; ; ; 1; 2000-01-01; 117.93; 2000-01-01; 0; NA; 1; 10 ans; 1/15 jours; Air-RPBricolage;  ; 
BRICO_I_053; COFFRET DE DEPANNAGE 1/4" et 1/2" 131 PIECES; ; ; ; 1; 2000-01-01; 202.12; 2000-01-01; 0; NA; 1; 10 ans; 1/15 jours; Air-RPBricolage;  ; 
BRICO_I_054; Kit aiguisage de chaines de tronconeuse; 171440854; Squiller USG - MRD242TFA267; STIHL; 1; 2000-01-01; 1; 2000-01-01; 0; NA; 1; 10 ans; 1/15 jours; Air-RPBricolage;  ; 
BRICO_I_055; Kit manutention des chaines de tronconeuse; NA; NA; STIHL; 1; 2000-01-01; 1; 2000-01-01; 0; NA; 1; 10 ans; 1/15 jours; Air-RPBricolage;  ; 
BRICO_I_056; Tour a metaux Quantum; J210269; D210x400 vario; Quantum; 1; 2000-01-01; 1; 2000-01-01; 0; NA; 1; 10 ans; 1/15 jours; Air-RPBricolage;  ; 
BRICO_I_057; Fraiseuse Optimum; J212100894; BF20L; Optimum; 1; 2000-01-01; 1; 2000-01-01; 0; NA; 1; 10 ans; 1/15 jours; Air-RPBricolage;  ; 
BRICO_I_058; Poubelle avec distributeur a papier; NA; NA; NA; 2; 2000-01-01; 1; 2000-01-01; 0; NA; 1; +20 ans; 1/an; Air-RPParkingBricolage;  ; 
BRICO_I_059; Poubelle; NA; NA; NA; 2; 2000-01-01; 1; 2000-01-01; 0; NA; 1; 10 ans; 1/15 jours; Air-RPBricolage;  ; 
BRICO_I_060; Balai; NA; NA; NA; 1; 2000-01-01; 1; 2000-01-01; 0; NA; 1; 10 ans; 1/15 jours; Air-RPBricolage;  ; 
BRICO_I_061; Pelle ramasse poussiere; NA; NA; NA; 1; 2000-01-01; 1; 2000-01-01; 0; NA; 1; 10 ans; 1/15 jours; Air-RPBricolage;  ; 
BRICO_I_062; Graveur DREMEL marqueur outil; ; Engraver 290-65; DREMEL; 1; 2000-01-01; 1; 2000-01-01; 0; NA; 1; 10 ans; 1/15 jours; Air-RPBricolage;  ; 
BRICO_I_063; Escabo; ; Echelle NF093; TUBESCA; 1; 2000-01-01; 1; 2000-01-01; 0; NA; 1; 10 ans; 1/15 jours; Air-RPBricolage;  ; 
BRICO_I_064; Touret DINAMO; ; TM200B; SIDAMO; 1; 2000-01-01; 1; 2000-01-01; 0; NA; 1; 10 ans; 1/15 jours; Air-RPBricolage;  ; 
BRICO_I_065; Boite a outils TOOLCRAFT; ; Y131; Tool Craft; 1; 2000-01-01; 1; 2000-01-01; 0; NA; 1; 10 ans; 1/15 jours; Air-RPBricolage;  ; 
BRICO_I_066; 3ieme main TOOLCRAFT; ; ML100; Tool Craft; 1; 2000-01-01; 1; 2000-01-01; 0; NA; 1; 10 ans; 1/15 jours; Air-RPBricolage;  ; 
BRICO_I_067; Ensemble de 5 pinces electronique; NA; NA; ESD; 1; 2000-01-01; 1; 2000-01-01; 0; NA; 1; 10 ans; 1/15 jours; Air-RPBricolage;  ; 
BRICO_I_068; Kit cosses; NA; 9643; Tibelec; 1; 2000-01-01; 1; 2000-01-01; 0; NA; 1; 10 ans; 1/15 jours; Air-RPBricolage;  ; 
BRICO_I_069; Kit 8 tournevis FACOM 4 plats, 2 posidrives, 2 cruciformes; NA; ANJ8PB; FACOM; 1; 2000-01-01; 1; 2000-01-01; 0; NA; 1; 10 ans; 1/15 jours; Air-RPBricolage;  ; 
BRICO_I_070; Boite a embout 1/4 100pieces; NA; 911.2026; KsTools; 1; 2000-01-01; 1; 2000-01-01; 0; NA; 1; 10 ans; 1/15 jours; Air-RPBricolage;  ; 
BRICO_I_071; Multimetre Chauvin Arnoux; ; CA702; Chauvin Arnoux; 1; 2000-01-01; 1; 2000-01-01; 0; NA; 1; 10 ans; 1/15 jours; Air-RPBricolage;  ; 
BRICO_I_072; PCPortable01; ; PROU 400; Toshiba; 1; 2000-01-01; 202.12; 2000-01-01; 0; NA; 1; 10 ans; 1/15 jours; Air-RPBricolage;  ; 
BRICO_O_001; x; NA; NA; NA; 1; 2002-10-01; 0; 2000-01-01; 0; NA; 1; 10 ans; 1/15 jours; Air-RPBricolage; PIPO_POUR_RESA_ACCESSOIRE; 
BRICO_O_021; PERFORATEUR SDS+ 800W DH24PB3LR 2 JOULES 24MM; I801790; DH24PB3LR; HITACHI; 1; 2009-11-11; 137.74; 2000-01-01; 0; NA; 1; 10 ans; 1/15 jours; Air-RPBricolage; PERFOR002; 
BRICO_O_023; PERCEUSE VISSEUSE DS14DVF3LB 4V 2 BATTERIES 2 AH 34NM + LAMPE UB18D EN COFFRET MANDRIN AUTOSERRANT 13MM; J292855; DS14DVF3; HITACHI; 1; 2009-11-11; 178.41; 2000-01-01; 0; NA; 1; 10 ans; 1/15 jours; Air-RPBricolage; PERVIS001; 
BRICO_O_024; PERCEUSE VISSEUSE DS14DVF3LB 4V 2 BATTERIES 2 AH 34NM + LAMPE UB18D EN COFFRET MANDRIN AUTOSERRANT 13MM; J292852; DS14DVF3; HITACHI; 1; 2009-11-11; 178.41; 2000-01-01; 0; NA; 1; 10 ans; 1/15 jours; Air-RPBricolage; PERVIS002; 
BRICO_O_025; PERCEUSE VISSEUSE DS14DVF3LB 4V 2 BATTERIES 2 AH 34NM + LAMPE UB18D EN COFFRET MANDRIN AUTOSERRANT 13MM; J292874; DS14DVF3; HITACHI; 1; 2009-11-11; 178.41; 2000-01-01; 0; NA; 1; 10 ans; 1/15 jours; Air-RPBricolage; PERVIS003; 
BRICO_O_026; PIQUEUR BRISE-BETON H65SB2 1340W 42 JOULES EMMANCHEMENT HEGAXONAL 30MM ERGONOMIQUE EN COFFRET; 870199; H65SB2; HITACHI; 1; 2009-11-11; 1248.36; 2000-01-01; 0; NA; 1; 10 ans; 1/15 jours; Air-RPBricolage; PIQUEU001; 
BRICO_O_027; PERFORATEUR-BURINEUR SDSmax DH38MSLA 950W 38MM 9 JOULES; 2009 C 190923; DH 38 MS; HITACHI; 1; 2009-11-11; 438.26; 2000-01-01; 0; NA; 1; 10 ans; 1/15 jours; Air-RPBricolage; PERFOR004; 
BRICO_O_029; SCIE SAUTEUSE 720W CJ110MV 110MM (EN D) POIGNEE ETRIER EMMANCHEMENT RAPIDE EN COFFRET; C791659; CJ110MV; HITACHI; 1; 2009-11-11; 190.37; 2000-01-01; 0; NA; 1; 10 ans; 1/15 jours; Air-RPBricolage; SCIESAUT001; 
BRICO_O_030; SCIE SAUTEUSE 720W CJ110MVA 110MM POIGNEE CHAMPIGNON EMMANCHEMENT RAPIDE VITESSES VARIABLES EN COFFRET; C190663; CJ 110 MVA; HITACHI; 1; 2009-11-11; 190.37; 2000-01-01; 0; NA; 1; 10 ans; 1/15 jours; Air-RPBricolage; SCIESAUT002; 
BRICO_O_031; MEULEUSE 1300W G13SB3LJ DIAMETRE 125MM 11000 TRS/MN AVEC POIGNEE ANTI-VIBRATION EN COFFRET; D 990988; G 13 SB 3; HITACHI; 1; 2009-11-11; 113.82; 2000-01-01; 0; NA; 1; 10 ans; 1/15 jours; Air-RPBricolage; MEULEU001; 
BRICO_O_032; SCIE CIRCULAIRE 1200W C7BU2K LAME 190MM CAPACITE 66MM; M790078; C7BU2; HITACHI; 1; 2009-11-11; 307; 2000-01-01; 0; NA; 1; 10 ans; 1/15 jours; Air-RPBricolage; SCIECIR003; 
BRICO_O_033; PONCEUSE VIBRANTE DE FINITION SV 12SH; J690139; SV12SA; HITACHI; 1; 2009-11-11; 141.53; 2000-01-01; 0; NA; 1; 10 ans; 1/15 jours; Air-RPBricolage; PONCEU002; 
BRICO_O_034; PONCEUSE VIBRANTE DE FINITION SV 12SG; J990118; SV12SG; HITACHI; 1; 2009-11-11; 141.53; 2000-01-01; 0; NA; 1; 10 ans; 1/15 jours; Air-RPBricolage; PONCEU003; 
BRICO_O_035; MEULEUSE 2000W G23SRK DIAMETRE 230MM ERGONOMIQUE EN COFFRET; D286698; G23SR; HITACHI; 1; 2009-11-11; 170.05; 2000-01-01; 0; NA; 1; 10 ans; 1/15 jours; Air-RPBricolage; MEULEU002; 
BRICO_O_036; PONCEUSE DELTA 280W GDA 280 E AVEC PATIN+FEUTRE COFFRET; NA; GDA280E; BOSCH; 1; 2009-11-11; 137.74; 2000-01-01; 0; NA; 1; 10 ans; 1/15 jours; Air-RPBricolage; PONCEU004; 
BRICO_O_037; POSTE ARC 160A + MASQUE CHAMELEON 3F ONDULEUR 160A/230V COMPATIBLE GROUPE ELECTROGENE AVEC KITARC; 2194580141; MABEO 160; MABEO INDUSTRIE; 1; 2009-11-11; 354.61; 2000-01-01; 0; NA; 1; 10 ans; 1/15 jours; Air-RPBricolage; PSOUDE001; 
BRICO_O_039; NETTOYEUR EAU FROIDE COMPACT 150 BAR 560 L/H AVEC ROTABUSE (KARCHER HD 6/15 CX+); 464289; HD 6/15 CX+; KARCHER; 1; 2009-11-11; 846.25; 2000-01-01; 0; NA; 1; 10 ans; 1/15 jours; Air-RPBricolage; NETTHP002; 
BRICO_O_040; Nettoyeur a moquette INJECTEUR EXTRACTEUR KARCHER TYPE PUZZI 100 SUPER; 206371; PUZZI 100 SUPER; KARCHER; 1; 2009-11-11; 608; 2000-01-01; 0; NA; 1; 10 ans; 1/15 jours; Air-RPBricolage; INJEXT001; 
BRICO_O_041; Nettoyeur a moquette INJECTEUR EXTRACTEUR KARCHER TYPE PUZZI 100 SUPER; 206371; PUZZI 100 SUPER; KARCHER; 1; 2009-11-11; 608; 2000-01-01; 0; NA; 1; 10 ans; 1/15 jours; Air-RPBricolage; INJEXT002; 
BRICO_O_043; ASPIRATEUR EAU & POUSSIERE 1380W-27L; ; ; ; 1; 2009-11-11; 234.42; 2000-01-01; 0; NA; 1; 10 ans; 1/15 jours; Air-RPBricolage; ASPIRA002; 
BRICO_O_045; LASER CHANTIER 5 POINTS GPL 5 MISE A NIVEAU AUTOMATIQUE AVEC 3 PILES 5V + SUPPORT MURAL SAC DE TRANSPORT; 983000475; GPL 5; BOSCH; 1; 2009-11-11; 227; 2000-01-01; 0; NA; 1; 10 ans; 1/15 jours; Air-RPBricolage; NLASER001; 
BRICO_O_046; TELEMETRE LASER AFFICHAGE DIGITAL AVEC 4 PILES 5V + DRAGONNE + SAC DE TRANSPORT; ; ; BOSCH; 1; 2009-11-11; 168.66; 2000-01-01; 0; NA; 1; 10 ans; 1/15 jours; Air-RPBricolage; MLASER001; 
BRICO_O_047; SCANNER MURAL D-TECT 100 AFFICHAGE DIGITAL PROFONDEUR 100MM METAUX/BOIS/PLASTIQUE; 890000464; D-TECT 100; BOSCH; 1; 2009-11-11; 661.51; 2000-01-01; 0; NA; 1; 10 ans; 1/15 jours; Air-RPBricolage; SCANER001; 
BRICO_O_049; ENROULEUR 50M H05W STANDARD S CATEGORIE A; NA; H05W; BRENNENSTUHL; 1; 2009-11-11; 62.13; 2000-01-01; 0; NA; 1; 10 ans; 1/15 jours; Air-RPBricolage; ENROUL001; 
BRICO_O_050; ENROULEUR 50M H05W STANDARD S CATEGORIE A; NA; H05W; BRENNENSTUHL; 1; 2009-11-11; 62.13; 2000-01-01; 0; NA; 1; 10 ans; 1/15 jours; Air-RPBricolage; ENROUL002; 
BRICO_O_051; ENROULEUR 50M H05W STANDARD S CATEGORIE A; NA; H05W; BRENNENSTUHL; 1; 2009-11-11; 62.13; 2000-01-01; 0; NA; 1; 10 ans; 1/15 jours; Air-RPBricolage; ENROUL003; 
BRICO_O_054; PLATEAU ROULANT 600X400 HAUT. 150 CAOUTCHOUC; NA; PLATEAU ROULANT; REVERT; 1; 2009-11-11; 69.2; 2000-01-01; 0; NA; 1; 10 ans; 1/15 jours; Air-RPBricolage; DIABLE001; 
BRICO_O_055; PLATEAU ROULANT 600X400 HAUT. 150 CAOUTCHOUC; NA; PLATEAU ROULANT; REVERT; 1; 2009-11-11; 69.2; 2000-01-01; 0; NA; 1; 10 ans; 1/15 jours; Air-RPBricolage; DIABLE002; 
BRICO_O_056; DIABLE ESCALIER BAVETTE RABATTABLE ROUE EN ETOILE 250 KG; NA; DIABLE ESCALIER BAVETTE RABATTABLE; REVERT; 1; 2009-11-11; 119.22; 2000-01-01; 0; NA; 1; 10 ans; 1/15 jours; Air-RPBricolage; DIABLE003; 
BRICO_O_057; DIABLE ESCALIER BAVETTE RABATTABLE ROUE EN ETOILE 250 KG; NA; DIABLE ESCALIER BAVETTE RABATTABLE; REVERT; 1; 2009-11-11; 119.22; 2000-01-01; 0; NA; 1; 10 ans; 1/15 jours; Air-RPBricolage; DIABLE004; 
BRICO_O_058; lot de 2 ventouses 2 tetes 120mm 60 kg; NA; VENTOUSE; REVERT; 1; 2009-11-11; 42.42; 2000-01-01; 0; NA; 1; 10 ans; 1/15 jours; Air-RPBricolage; VENTOU001; 
BRICO_O_060; TABLE A TAPISSER DIM.2000X600X80MM PLATEAU EPAISSEUR 6MM BOIS PIEDS TUBULAIRES RENFORCES AVEC REGLET; NA; TABLE A TAPISSER; REVERT; 1; 2009-11-11; 89.08; 2000-01-01; 0; NA; 1; 10 ans; 1/15 jours; Air-RPBricolage; TABTAP001; 
BRICO_O_061; TABLE A TAPISSER DIM.2000X600X80MM PLATEAU EPAISSEUR 6MM BOIS PIEDS TUBULAIRES RENFORCES AVEC REGLET; NA; TABLE A TAPISSER; REVERT; 1; 2009-11-11; 89.08; 2000-01-01; 0; NA; 1; 10 ans; 1/15 jours; Air-RPBricolage; TABTAP002; 
BRICO_O_062; Decolleuse a papier peint; BE0955572; Turbo Vapeur 2300; MILBOX; 1; 2009-11-11; 353.96; 2000-01-01; 0; NA; 1; 10 ans; 1/15 jours; Air-RPBricolage; DECOLL001; 
BRICO_O_063; Decolleuse a papier peint; BE0993856; Turbo Vapeur 2300; MILBOX; 1; 2009-11-11; 353.96; 2000-01-01; 0; NA; 1; 10 ans; 1/15 jours; Air-RPBricolage; DECOLL002; 
BRICO_O_065; RAINUREUSE A BETON SG1250; 40137; SG1250; MAKITA; 1; 2009-11-11; 628.02; 2000-01-01; 0; NA; 1; 10 ans; 1/15 jours; Air-RPBricolage; RAINUR001; 
BRICO_O_066; SCIE DE CARRELAGE TT200B; 9090413; TT200B; Saint GOBAIN; 1; 2009-11-11; 371.14; 2000-01-01; 0; NA; 1; 10 ans; 1/15 jours; Air-RPBricolage; SCIEEL004; 
BRICO_O_067; Ponceuse 600W GEX 150 TURBO avec coffret; 983000043; GEX 150 TURBO; BOSCH; 1; 2009-11-11; 355.62; 2000-01-01; 0; NA; 1; 10 ans; 1/15 jours; Air-RPBricolage; PONCEU005; 
BRICO_O_068; PERFORATEUR - BURINEUR SDS+ 800W BOSCH GBH 2-26DFR 2 JOULES 24MM; 001013186; GBH 2-26 DFR; BOSCH; 1; 2010-03-18; 311; 2000-01-01; 0; NA; 1; 10 ans; 1/15 jours; Air-RPBricolage; PERFOR005; 
BRICO_O_069; PERFORATEUR - BURINEUR SDS+ 800W BOSCH GBH 2-26DFR 2 JOULES 24MM; 001011834; GBH 2-26 DFR; BOSCH; 1; 2010-03-18; 311; 2000-01-01; 0; NA; 1; 10 ans; 1/15 jours; Air-RPBricolage; PERFOR006; 
BRICO_O_070; MEULEUSE 600W GWS 6-125 DIAMETRE 125MM EN BOITE; NA; GWS 6-125; BOSCH; 1; 2010-03-18; 1; 2000-01-01; 0; NA; 1; 10 ans; 1/15 jours; Air-RPBricolage; MEULEU003; 
BRICO_O_071; MEULEUSE 600W GWS 6-125 DIAMETRE 125MM EN BOITE; NA; GWS 6-125; BOSCH; 1; 2010-03-19; 1; 2000-01-01; 0; NA; 1; 10 ans; 1/15 jours; Air-RPBricolage; MEULEU004; 
BRICO_O_072; Camera thermique infrarouge FLUKE TiR; TIR-10010123; TIR; FLUKE; 1; 2010-03-18; 4562.74; 2000-01-01; 0; NA; 1; 10 ans; 1/15 jours; Air-RPBricolage; CAMTHE001; 
BRICO_O_073; Broyeur a vegetaux VIKING GE420; ; GE420; VIKING; 1; 2010-04-20; 1044.95; 2000-01-01; 0; NA; 1; 10 ans; 1/15 jours; Air-RPBricolage; BROYEU001; 
BRICO_O_074; Tronconneuse electrique STHIL MSE180C; ; MSE180C; STHIL; 1; 2010-04-20; 302.86; 2000-01-01; 0; NA; 1; 10 ans; 1/15 jours; Air-RPBricolage; TRONCO001; 
BRICO_O_075; Ponceuse a parquet 250mm BONA FLEXIDRUM; NA; BONA FLEXIDRUM; BONA; 1; 2010-04-20; 5314.82; 2000-01-01; 0; NA; 1; 10 ans; 1/15 jours; Air-RPBricolage; PONPAR001; 
BRICO_O_076; Bordeuse a parquet BONA EDGE 130; NA; BONA EDGE 130; BONA; 1; 2010-04-20; 2184.32; 2000-01-01; 0; NA; 1; 10 ans; 1/15 jours; Air-RPBricolage; BORDEU001; 
BRICO_O_077; Tronconneuse electrique STHIL MSE180C; NA; MSE 180C; STHIL; 1; 2010-04-20; 302.86; 2000-01-01; 0; NA; 1; 10 ans; 1/15 jours; Air-RPBricolage; TRONCO002; 
BRICO_O_078; Taille haie telescopique electrique STHIL HLE71; ; HLE71; STHIL; 1; 2010-04-20; 394.68; 2000-01-01; 0; NA; 1; 10 ans; 1/15 jours; Air-RPBricolage; TAILLH001; 
BRICO_O_079; Taille haie electrique STHIL HSE81-700; NA; ; ; 1; 2010-04-20; 336.08; 2000-01-01; 0; NA; 1; 10 ans; 1/15 jours; Air-RPBricolage; TAILLH002; 
BRICO_O_080; Taille haie electrique STHIL HSE81-700; NA; HSE81; STHIL; 1; 2010-04-20; 336.08; 2000-01-01; 0; NA; 1; 10 ans; 1/15 jours; Air-RPBricolage; TAILLH003; 
BRICO_O_081; Scarificateur electrique VIKING LE540; NA; ; ; 1; 2010-04-20; 355.95; 2000-01-01; 0; NA; 1; 10 ans; 1/15 jours; Air-RPBricolage; SCARIF001; 
BRICO_O_082; Scie a onglet pendulaire electrique METABO KGT300; 0131112823; KGT300; METABO; 1; 2010-04-20; 801.06; 2000-01-01; 0; NA; 1; 10 ans; 1/15 jours; Air-RPBricolage; SCIEON001; 
BRICO_O_083; Scie a onglet radiale electrique METABO KGS255+; 9352254896; KGS255+; METABO; 1; 2010-04-20; 476; 2000-01-01; 0; NA; 1; 10 ans; 1/15 jours; Air-RPBricolage; SCIEON002; 
BRICO_O_084; Chargeur de batterie automatique 15A 6/12/24V (Batium 15/24); 0910014035; Batium 15/24; BATIUM; 1; 2010-04-20; 157.86; 2000-01-01; 0; NA; 1; 10 ans; 1/15 jours; Air-RPBricolage; CHARGE001; 
BRICO_O_085; Pompe d'evacuation eau (FLOTEC VIPVORT 180); B1024 2010; VIPVORT 180/6; FLOTEC; 1; 2010-04-20; 109.19; 2000-01-01; 0; NA; 1; 10 ans; 1/15 jours; Air-RPBricolage; POMPER001; 
BRICO_O_086; Leve panneau 3,50m (LEVPANO I); NA; ; ; 1; 2010-04-20; 478.5; 2000-01-01; 0; NA; 1; 10 ans; 1/15 jours; Air-RPBricolage; LEVPAN001; 
BRICO_O_087; Plateforme de travail (MINIX XL 110); ; ; ; 1; 2010-04-20; 501.12; 2000-01-01; 0; NA; 1; 10 ans; 1/15 jours; Air-RPBricolage; PLATEF001; 
BRICO_O_088; Pince a rivet pop; NA; NT X; GESIPA; 1; 2010-04-20; 48.13; 2000-01-01; 0; NA; 1; 10 ans; 1/15 jours; Air-RPBricolage; PINPOP001; 
BRICO_O_089; Pince a cheville metallique (style MOLLY); NA; Pince Cheville metalique; EDMA; 1; 2010-04-20; 25; 2000-01-01; 0; NA; 1; 10 ans; 1/15 jours; Air-RPBricolage; PINCHE001; 
BRICO_O_090; Multimetre numerique a pince (METRIX CM 610); I0010836; METRIX CM 610; MULTIMETRIX; 1; 2010-04-20; 89.63; 2000-01-01; 0; NA; 1; 10 ans; 1/15 jours; Air-RPBricolage; MULMET001; 
BRICO_O_091; Niveau a bulle de 60cm (STANLEY FATMAX XL); NA; FATMAX XL 60cm; STANLEY; 1; 2010-04-20; 29.9; 2000-01-01; 0; NA; 1; 10 ans; 1/15 jours; Air-RPBricolage; NIVEAU001; 
BRICO_O_092; Niveau a bulle de 90cm (STANLEY FATMAX XL); NA; FATMAX XL 90cm; STANLEY; 1; 2010-04-20; 35.88; 2000-01-01; 0; NA; 1; 10 ans; 1/15 jours; Air-RPBricolage; NIVEAU002; 
BRICO_O_093; Niveau a bulle de 120cm (STANLEY FATMAX XL); NA; FATMAX XL 120cm; STANLEY; 1; 2010-04-20; 47.84; 2000-01-01; 0; NA; 1; 10 ans; 1/15 jours; Air-RPBricolage; NIVEAU003; 
BRICO_O_094; Cle serre tube 14" (VIRAX); NA; 013814; VIRAX; 1; 2010-04-20; 39.4; 2000-01-01; 0; NA; 1; 10 ans; 1/15 jours; Air-RPBricolage; CLESER001; 
BRICO_O_095; Triple decametre ruban 30m (STANLEY); NA; RUBAN 30m; STANLEY; 1; 2010-04-20; 46.64; 2000-01-01; 0; NA; 1; 10 ans; 1/15 jours; Air-RPBricolage; DECMET001; 
BRICO_O_096; Deboucheur a tambour; NA; Deboucheur a tambour; VIRAX; 1; 2010-04-20; 40.39; 2000-01-01; 0; NA; 1; 10 ans; 1/15 jours; Air-RPBricolage; DEBOUC001; 
BRICO_O_097; Cintreuse arbalete pour tuyau de cuivre recuit de diametre 10 a 22mm (VIRAX 2501)(cf. le manuel utilisateur pour les diametres des autres types de tube); NA; VIRAX 2501; VIRAX; 1; 2010-04-20; 221.24; 2000-01-01; 0; NA; 1; 10 ans; 1/15 jours; Air-RPBricolage; CINTRE001; 
BRICO_O_098; Masse 4kg manche plastique (LEBORGNE); NA; Masse; LEBORGNE; 1; 2010-04-20; 36.18; 2000-01-01; 0; NA; 1; 10 ans; 1/15 jours; Air-RPBricolage; MASSES001; 
BRICO_O_099; Ebrancheur a enclume (STIHL); ; ; STIHL; 1; 2010-04-20; 110.51; 2000-01-01; 0; NA; 1; 10 ans; 1/15 jours; Air-RPBricolage; EBRANC001; 
BRICO_O_100; Polisseuse, cireuse a parquet; 9034 015; FLOOR MAC; BONA; 1; 2010-09-29; 700; 2000-01-01; 0; NA; 1; 10 ans; 1/15 jours; Air-RPBricolage; CIREUS001; 
BRICO_O_101; Rabot electrique HL850 EB, Fer 82mm; 10623800; HL850 EB; FESTOOL; 1; 2010-09-29; 500; 2000-01-01; 0; NA; 1; 10 ans; 1/15 jours; Air-RPBricolage; RABOT0001; 
BRICO_O_102; Defonceuse 1200W diametre outil:8mm; 030011035; OFE1229 Signal; METABO; 1; 2010-09-29; 345; 2000-01-01; 0; NA; 1; 10 ans; 1/15 jours; Air-RPBricolage; DEFONC001; 
BRICO_O_103; Tariere BP 121C; ; ; ; 1; 2010-09-29; 494; 2000-01-01; 0; NA; 1; 10 ans; 1/15 jours; Air-RPBricolage; TARIER001; 
BRICO_O_104; Motobineuse VH660; ; ; ; 1; 2010-09-29; 1153; 2000-01-01; 0; NA; 1; 10 ans; 1/15 jours; Air-RPBricolage; MOTOBI001; 
BRICO_O_105; Tronconneuse thermique 30 cm MS200T; ; ; ; 1; 2010-09-29; 455; 2000-01-01; 0; NA; 1; 10 ans; 1/15 jours; Air-RPBricolage; TRONCO003; 
BRICO_O_106; Elagueur thermique HT131 avec harnais; ; ; ; 1; 2010-09-29; 654; 2000-01-01; 0; NA; 1; 10 ans; 1/15 jours; Air-RPBricolage; ELAGUE001; 
BRICO_O_107; Debrousailleuse thermique FS350 avec harnais; ; ; ; 1; 2010-09-29; 508; 2000-01-01; 0; NA; 1; 10 ans; 1/15 jours; Air-RPBricolage; DEBROU001; 
BRICO_O_108; Taille haie ?á moteur thermique Stihl HS81T; ; ; ; 1; 2010-09-29; 446; 2000-01-01; 0; NA; 1; 10 ans; 1/15 jours; Air-RPBricolage; TAILLH004; 
BRICO_O_109; Scie tandem 30 cm BOSCH GFZ16-35AC 1600w; 008000115; GFZ16-35AC; BOSCH; 1; 2010-09-29; 351; 2000-01-01; 0; NA; 1; 10 ans; 1/15 jours; Air-RPBricolage; SCIETA001; 
BRICO_O_110; Coffert de trepans pour bois, platre et beton cellulaire diametre 22, 29, 35, 44, 51, 64; NA; Electrician hole saw kit; LENOX; 1; 2010-09-29; 139; 2000-01-01; 0; NA; 1; 10 ans; 1/15 jours; Air-RPBricolage; TREPAN001; 
BRICO_O_111; Humidimetre HPM2000; ; ; ; 1; 2010-09-29; 154; 2000-01-01; 0; NA; 1; 10 ans; 1/15 jours; Air-RPBricolage; HUMIDI001; 
BRICO_O_112; Etabli modulable portable workmate Master 600; NA; workmate Master 600; WOLFCRAFT; 1; 2010-09-29; 127; 2000-01-01; 0; NA; 1; 10 ans; 1/15 jours; Air-RPBricolage; ETABLI001; 
BRICO_O_113; Perforateur a batterie SDS+ BOSCH GBH 36VF-LI avec accu Li-lion 36V; 008000340; GBH 36VF-LI; BOSCH; 1; 2010-09-29; 614; 2000-01-01; 0; NA; 1; 10 ans; 1/15 jours; Air-RPBricolage; PERFOR007; 
BRICO_O_114; Niveau laser rotatif BOSCH GRL300 HV Pro portee 150m; 107000079; GRL 300HV professional; BOSCH; 1; 2010-09-29; 573; 2000-01-01; 0; NA; 1; 10 ans; 1/15 jours; Air-RPBricolage; NLASER004; 
BRICO_O_115; Coupe boulon tubulaire longeur 450 mm, ecartement 0.5 cm; NA; 450; STANLEY; 1; 2010-09-29; 19; 2000-01-01; 0; NA; 1; 10 ans; 1/15 jours; Air-RPBricolage; COUPEB001; 
BRICO_O_116; Lot de 2 serre joints de 300 mm; NA; APA30; SER; 1; 2010-09-29; 50; 2000-01-01; 0; NA; 1; 10 ans; 1/15 jours; Air-RPBricolage; SERREJ001; 
BRICO_O_117; Lot de 2 serre joints de 400 mm; NA; APA40; SER; 1; 2010-09-29; 50; 2000-01-01; 0; NA; 1; 10 ans; 1/15 jours; Air-RPBricolage; SERREJ002; 
BRICO_O_118; Lot de 2 serre joints de 500 mm; NA; APA50; SER; 1; 2010-09-29; 50; 2000-01-01; 0; NA; 1; 10 ans; 1/15 jours; Air-RPBricolage; SERREJ003; 
BRICO_O_119; Lot de 7 tournevis de securite TORX; NA; ANXR.J7PB; FACOM; 1; 2010-09-29; 27; 2000-01-01; 0; NA; 1; 10 ans; 1/15 jours; Air-RPBricolage; TOTORX001; 
BRICO_O_120; Presse a sangle stanley 4 coins; NA; Presse; STANLEY; 1; 2010-09-29; 20; 2000-01-01; 0; NA; 1; 10 ans; 1/15 jours; Air-RPBricolage; PRESSE001; 
BRICO_O_121; Nettoyeur HP Alto 3-30 XT; Nonlisible; Alto Poseidon 3-30XT; NILFISK; 1; 2010-09-29; 690; 2000-01-01; 0; NA; 1; 10 ans; 1/15 jours; Air-RPBricolage; NETTHP003; 
BRICO_O_122; Aspirateur a poussiere ATTIX 30.21 XC; 302003409; ATTIX 30.21 XC; NILFISK; 1; 2010-09-29; 467; 2000-01-01; 0; NA; 1; 10 ans; 1/15 jours; Air-RPBricolage; ASPIRA004; 
BRICO_O_123; Decolleuse a papier peint; 10129; TurboVapeur2300; MILBOX; 1; 2010-09-29; 285; 2000-01-01; 0; NA; 1; 10 ans; 1/15 jours; Air-RPBricolage; DECOLL003; 
BRICO_O_124; Nettoyeur vapeur Alto steamtec 51H; ; ; ; 1; 2010-09-29; 350; 2000-01-01; 0; NA; 1; 10 ans; 1/15 jours; Air-RPBricolage; NETTVA001; 
BRICO_O_126; Echelle transformable 3 plan de 6.86m maxi; ; ; ; 1; 2010-09-29; 300; 2000-01-01; 0; NA; 1; 10 ans; 1/15 jours; Air-RPBricolage; ECHELL001; 
BRICO_O_127; Groupe electrogene 2000W 59DBA 4/10H; ; ; ; 1; 2010-09-29; 960; 2000-01-01; 0; NA; 1; 10 ans; 1/15 jours; Air-RPBricolage; ELECTR001; 
BRICO_O_128; Tirfor 3200 DaN + 20m cable acier + 2 elingues de 3m; ; ; ; 1; 2010-09-29; 1200; 2000-01-01; 0; NA; 1; 10 ans; 1/15 jours; Air-RPBricolage; TIRFOR001; 
BRICO_O_129; Poste a souder OXYFLAM Prodige W00291586 Les gaz (oxy et acetylene) sont compris dans la location. environ 150ï¿½ï¿½ï¿½ la recharge.; ; ; AIR LIQUIDE; 1; 2010-11-30; 736; 2000-01-01; 0; NA; 1; 10 ans; 1/15 jours; Air-RPBricolage; PSOUDE002; 
BRICO_O_130; Coupe carreau TX - TX - NV2 700 RUBI (70 cm) 1x Carrelette 1x Guide amovible 1x Support lateral 1x Fixation support lateral 3x Molettes de coupe (10, 18, 22 mm) 1x Manuel; NA; TX-700-N; RUBI; 1; 2010-11-30; 437; 2000-01-01; 0; NA; 1; 10 ans; 1/15 jours; Air-RPBricolage; CARREL001; 
BRICO_O_131; FENBUC001 1x Fendeur de buche 50cm (14 Tonnes) RABAUD Ref 70027B; ; ; ; 1; 2010-11-30; 942; 2000-01-01; 0; NA; 1; 10 ans; 1/15 jours; Air-RPBricolage; FENBUC001; 
BRICO_O_132; TREPAN002 Scie tr?ï¿½pan diamant pour acier, pierre, gr?ï¿½s, marbre, verre, granit Attention : ï¿½ï¿½ï¿½ ne sï¿½ï¿½ï¿½adaptent que sur un mandrin classique ï¿½ï¿½ï¿½ Pas de SDS possible ï¿½ï¿½ï¿½ Pas pour du b?ï¿½ton 1x Ventouse centreuse 1x Un syst?ï¿½me dï¿½ï¿½ï¿½arrosage 10 tr?ï¿½pans de diam?ï¿½tres (en mm) : 6 / 8 / 10 / 12 / 22 / 29 / 35 / 44 / 51 / 67; NA; NA; ERKO; 1; 2010-11-30; 320; 2000-01-01; 0; NA; 1; 10 ans; 1/15 jours; Air-RPBricolage; TREPAN002; 
BRICO_O_133; CLEDYN001 1x Clef dynamom?ï¿½trique 5Nm ï¿½ï¿½ï¿½ 25Nm 1/4 " Ref DYTFZ-25 1x Etui 1x Mode dï¿½ï¿½ï¿½emploi; NA; DYTF25-1 5-25 Nm; SAM; 1; 2010-11-30; 176; 2000-01-01; 0; NA; 1; 10 ans; 1/15 jours; Air-RPBricolage; CLEDYN001; 
BRICO_O_134; Nettoyeur a moquette INJECTEUR EXTRACTEUR KARCHER TYPE PUZZI 200 SUPER; 057616; TYPE PUZZI 200 SUPER; KARCHER; 1; 2010-11-30; 772; 2000-01-01; 0; NA; 1; 10 ans; 1/15 jours; Air-RPBricolage; INJEXT003; 
BRICO_O_135; Scie sabre pendulaire METABO PSE 1200 ï¿½ï¿½ï¿½ 2600 Watts; 013010000096469596; PSE 1200; METABO; 1; 2010-12-31; 421; 2000-01-01; 0; NA; 1; 10 ans; 1/15 jours; Air-RPBricolage; SCISAB001; 
BRICO_O_136; ROULGAZ001 1x Rouleau a gazon remplissable dÔÇÖeau; ; ; ; 1; 2010-12-31; 177; 2000-01-01; 0; NA; 1; 10 ans; 1/15 jours; Air-RPBricolage; ROUGAZ001; 
BRICO_O_137; SANGLE001 1x Sangle de d?ï¿½m?ï¿½nagement; NA; NA; NA; 1; 2010-11-30; 101; 2000-01-01; 0; NA; 1; 10 ans; 1/15 jours; Air-RPBricolage; SANGLE001; 
BRICO_O_138; Jeux de 30 toupies pour defonceuse; NA; NA; NA; 1; 2010-11-30; 107; 2000-01-01; 0; NA; 1; 10 ans; 1/15 jours; Air-RPBricolage; TOUPIE001; 
BRICO_O_139; Echelle de toit de 6m en troncon de 1.5m Avec crochet; ; ; ; 1; 2010-11-30; 634; 2000-01-01; 0; NA; 1; 10 ans; 1/15 jours; Air-RPBricolage; ECHELL002; 
BRICO_O_145; Coffret pince a emboiture 5 tetes (12, 14, 16, 18, 22); NA; 2526 K12; VIRAX; 1; 2011-01-12; 248; 2000-01-01; 0; NA; 1; 10 ans; 1/15 jours; Air-RPBricolage; PINEMB001; 
BRICO_O_146; Chandelle paire 2.2 Tonnes; ; ; ; 1; 2011-01-12; 94; 2000-01-01; 0; NA; 1; 10 ans; 1/15 jours; Air-RPBricolage; CHANDE001; 
BRICO_O_147; Paire de chandelle 2.2 Tonnes; ; ; ; 1; 2011-01-12; 94; 2000-01-01; 0; NA; 1; 10 ans; 1/15 jours; Air-RPBricolage; CHANDE002; 
BRICO_O_148; Grignoteuse super coupe avec brise copeau NR1 Capacit?ï¿½s de coupe : inox : 0,6 mm # galva : 1,2 mm # zinc : 1,2 mm # t??le douce : 1,2 mm # cuivre : 1,5 mm # Laiton : 1,5 mm # alu : 2 mm # PVC; NA; NR1; EDMA; 1; 2011-01-12; 40; 2000-01-01; 0; NA; 1; 10 ans; 1/15 jours; Air-RPBricolage; GRIGNO001; 
BRICO_O_149; Projecteur telescopique, lumiere froide 2 x 18 watts; NA; TPLF72; Revert; 1; 2011-01-12; 73; 2000-01-01; 0; NA; 1; 10 ans; 1/15 jours; Air-RPBricolage; PROJEC001; 
BRICO_O_150; Projecteur telescopique, lumiere froide 2 x 18 watts; NA; TPLF72; Revert; 1; 2011-01-12; 73; 2000-01-01; 0; NA; 1; 10 ans; 1/15 jours; Air-RPBricolage; PROJEC002; 
BRICO_O_151; Decapeur thermique 2300W 660?? GHG660LCD; 0601944703; GHG 660 LCD Professional; BOSCH; 1; 2011-01-12; 170; 2000-01-01; 0; NA; 1; 10 ans; 1/15 jours; Air-RPBricolage; DECAPT001; 
BRICO_O_152; Chevalet metalique; ; ; ; 1; 2011-01-12; 111; 2000-01-01; 0; NA; 1; 10 ans; 1/15 jours; Air-RPBricolage; CHEVAL001; 
BRICO_O_153; Coupe boulon 1050mm; NA; 1050mm; STANLEY; 1; 2011-01-12; 74; 2000-01-01; 0; NA; 1; 10 ans; 1/15 jours; Air-RPBricolage; COUPEB002; 
BRICO_O_154; Appareil a battre les collets diametres 6 a 14 mm; ; ; ; 1; 2011-01-18; 116; 2000-01-01; 0; NA; 1; 10 ans; 1/15 jours; Air-RPBricolage; COLBAT001; 
BRICO_O_155; Appareil a battre les collets diametres 10 a 22 mm; ; ; ; 1; 2011-01-18; 163; 2000-01-01; 0; NA; 1; 10 ans; 1/15 jours; Air-RPBricolage; COLBAT002; 
BRICO_O_156; Clef dynamometrique 1/2 pouce 4?ï¿½ - 200 NM; NA; S.208-200; FACOM; 1; 2011-01-18; 243; 2000-01-01; 0; NA; 1; 10 ans; 1/15 jours; Air-RPBricolage; CLEDYN002; 
BRICO_O_157; Decolleuse a papier peint; 10298; TurboVapeur2300; MILBOX; 1; 2011-02-03; 285; 2000-01-01; 0; NA; 1; 10 ans; 1/15 jours; Air-RPBricolage; DECOLL004; 
BRICO_O_158; Decolleuse a papier peint; 10296; TurboVapeur2300; MILBOX; 1; 2011-02-03; 285; 2000-01-01; 0; NA; 1; 10 ans; 1/15 jours; Air-RPBricolage; DECOLL005; 
BRICO_O_159; Ponceuse a beton (BOSCH GBR14CA); 009000161; GBR14CA; BOSCH; 1; 2003-02-20; 675; 2000-01-01; 0; NA; 1; 10 ans; 1/15 jours; Air-RPBricolage; PONBET001; 
BRICO_O_160; Echenilloir telescopique; ; ; ; 1; 2028-02-20; 109.42; 2000-01-01; 0; NA; 1; 10 ans; 1/15 jours; Air-RPBricolage; ECHENI001; 
BRICO_O_161; Aspiro-souffleur STIHL SH86CED avec tr?¿s forte capacit?® d'aspiration. Transformable et utilisable aussi en souffleur. Avec tube de soufflage et buse d'aspiration ronde.. Inclus couteau de broyage en acier haute qualit?® pour broyer les d?®chets et sac de recuperation.; ; ; ; 1; 2031-03-20; 394; 2000-01-01; 0; NA; 1; 10 ans; 1/15 jours; Air-RPBricolage; SOUFLE001; 
BRICO_O_162; Grue d'atelier manuelle 1T. Bras extensible 3 positions 700/800/1000 kg. Hauteur maxi du crochet 2445 mm.; ; ; ; 1; 2031-03-20; 490; 2000-01-01; 0; NA; 1; 10 ans; 1/15 jours; Air-RPBricolage; GRUEAT001; 
BRICO_O_163; Cric Rouleur 3,2 T FACOM DL 32; ; ; ; 1; 2003-02-20; 238; 2000-01-01; 0; NA; 1; 10 ans; 1/15 jours; Air-RPBricolage; CRICRO001; 
BRICO_O_164; Trepied telescopique pour niveau laser; 210670; 50-2010; NEDO; 1; 2003-02-20; 271; 2000-01-01; 0; NA; 1; 10 ans; 1/15 jours; Air-RPBricolage; PIETEL001; 
BRICO_O_165; Cle sous evier VIRAX; NA; NA; VIRAX; 1; 2030-04-20; 53.03; 2000-01-01; 0; NA; 1; 10 ans; 1/15 jours; Air-RPBricolage; CLEEVI001; 
BRICO_O_166; Pietement universel pour scie a onglet/radiale METABO KSU400; ; ; ; 1; 2003-02-20; 241.31; 2000-01-01; 0; NA; 1; 10 ans; 1/15 jours; Air-RPBricolage; PIESCI001; 
BRICO_O_167; Servante Metabo RS420G; ; ; ; 1; 2003-02-20; 148.59; 2000-01-01; 0; NA; 1; 10 ans; 1/15 jours; Air-RPBricolage; SERVAN001; 
BRICO_O_168; Servante METABO RS420G; ; ; ; 1; 2003-02-20; 148.59; 2000-01-01; 0; NA; 1; 10 ans; 1/15 jours; Air-RPBricolage; SERVAN002; 
BRICO_O_169; Diable aluminium repliable 125 kg; NA; 125 Kg; MATADOR; 1; 2010-06-28; 137.54; 2000-01-01; 0; NA; 1; 10 ans; 1/15 jours; Air-RPBricolage; DIABLE005; 
BRICO_O_170; Coupe tube cuivre; NA; 3-35 MM; VIRAX; 1; 2011-03-02; 38.27; 2000-01-01; 0; NA; 1; 10 ans; 1/15 jours; Air-RPBricolage; COUTUB001; 
BRICO_O_171; Ponceuses autoport?ï¿½es ?ï¿½ rallonges PLANEX LHS 225 CT (FESTOOL) aspirateur Aspirateur festools CTM 36 E AV (dedie a cette ponceuse); 10481110 + 10052648; PLANEX LHS 225 +CTM 36 EAC; FESTOOOL; 1; 2011-04-29; 989; 2000-01-01; 0; NA; 1; 10 ans; 1/15 jours; Air-RPBricolage; PONPLA001; 
BRICO_O_173; Scie circulaire metal sans fil MAKITA BCS550; 027208K; BCS 550 RFE; MAKITA; 1; 2011-04-29; 537; 2000-01-01; 0; NA; 1; 10 ans; 1/15 jours; Air-RPBricolage; SCIMET001; 
BRICO_O_174; Couteau Decoupeur-ponceur BOSCH GOP 250 CE; 102004253; GOP 250 CE Professional; BOSCH; 1; 2011-04-29; 190.16; 2000-01-01; 0; NA; 1; 10 ans; 1/15 jours; Air-RPBricolage; DECPON001; 
BRICO_O_175; Projeteur enduit 3 trous en coffret mettalique avec 2 plaques a trous de diametres differents et 10 m de tuyau; ; ; ; 1; 2011-02-03; 397.25; 2000-01-01; 0; NA; 1; 10 ans; 1/15 jours; Air-RPBricolage; PROEND001; 
BRICO_O_176; Compresseur mobile 150l debit: 18m3/h pression maxi: 10 bars; ; ; ; 1; 2011-02-03; 538.92; 2000-01-01; 0; NA; 1; 10 ans; 1/15 jours; Air-RPBricolage; COMPRS002; 
BRICO_O_177; Pince a sertir prise RJ45/RJ11; NA; 975110; KNIPEX; 1; 2011-06-23; 39; 2000-01-01; 0; NA; 1; 10 ans; 1/15 jours; Air-RPBricolage; PINSER001; 
BRICO_O_178; Lime electrique a bande METABO BFE 9-90; 0100011243; BFE 9-90; METABO; 1; 2011-04-29; 453.28; 2000-01-01; 0; NA; 1; 10 ans; 1/15 jours; Air-RPBricolage; LIMELE001; 
BRICO_O_179; Fraiseuse a bois METABO LF724S; 1050042445; LF 724 S; METABO; 1; 2011-05-31; 357.6; 2000-01-01; 0; NA; 1; 10 ans; 1/15 jours; Air-RPBricolage; FRAISE001; 
BRICO_O_180; Malaxeur 1700W PEUGEOT PPTMix-1700; ; ; ; 1; 2011-02-03; 270.29; 2000-01-01; 0; NA; 1; 10 ans; 1/15 jours; Air-RPBricolage; MALAXE001; 
BRICO_O_181; Testeur/Localisateur de cable reseau, telephonique, ... LASERLINER LAN CableChecker; 6F22 1604S; LAN CableChecker Multi-Test; LASERLINER; 1; 2011-08-04; 94.5; 2000-01-01; 0; NA; 1; 10 ans; 1/15 jours; Air-RPBricolage; TESLAN001; 
BRICO_O_182; Carotteuse a beton BOSCH GDB 2500 + Support de forage + recipient d'eau; ; ; ; 1; 2011-02-03; 3919; 2000-01-01; 0; NA; 1; 10 ans; 1/15 jours; Air-RPBricolage; CARBET001; 
BRICO_O_183; echafaudage TUBESCA TOTEM XL 60 Hauteur maximum du plancher = 6m, poids = 151,6kg, longueur max = 3,9m; ; ; ; 1; 2011-02-03; 2362; 2000-01-01; 0; NA; 1; 10 ans; 1/15 jours; Air-RPBricolage; ECHAFA001; 
BRICO_O_184; Scie a onglet radiale electrique METABO KGS254+ sur bati mobile KSU250; ; ; ; 1; 2011-12-16; 992; 2000-01-01; 0; NA; 1; 10 ans; 1/15 jours; Air-RPBricolage; SCIEON003; 
BRICO_O_185; Echelle telescopique 3,3m. Elle peut ?¬tre d?®ploy?®e sur toute sa longueur ou barreau apr?¿s barreau afin de trouver la bonne hauteur de travail et une inclinaison s??re.; ; ; ; 1; 2011-11-25; 210; 2000-01-01; 0; NA; 1; 10 ans; 1/15 jours; Air-RPBricolage; ECHTEL001; 
BRICO_O_186; Echelle telescopique 2m. Elle peut ?¬tre d?®ploy?®e sur toute sa longueur ou barreau apr?¿s barreau afin de trouver la bonne hauteur de travail et une inclinaison s??re.; ; ; ; 1; 2011-11-25; 100; 2000-01-01; 0; NA; 1; 10 ans; 1/15 jours; Air-RPBricolage; ECHTEL002; 
BRICO_O_187; Camera endoscopique Virax Visioval 294020 pour inspection de canalisation de diametre 40 a 150 mm; ; ; ; 1; 2012-03-29; 1723; 2000-01-01; 0; NA; 1; 10 ans; 1/15 jours; Air-RPBricolage; CAMENDOS1; 
BRICO_O_188; Cle a bougie 16 mm; ; ; ; 1; 2012-03-29; 17.5; 2000-01-01; 0; NA; 1; 10 ans; 1/15 jours; Air-RPBricolage; CLEBOUGI1; 
BRICO_O_189; Cle a bougie 21 mm; ; ; ; 1; 2012-03-29; 13.6; 2000-01-01; 0; NA; 1; 10 ans; 1/15 jours; Air-RPBricolage; CLEBOUGI2; 
BRICO_O_190; Cle pour filtre a huile; ; ; ; 1; 2012-03-29; 40.3; 2000-01-01; 0; NA; 1; 10 ans; 1/15 jours; Air-RPBricolage; CLEFILHU1; 
BRICO_O_191; Pince grignoteuse a carrelage; ; ; ; 1; 2012-03-29; 17.6; 2000-01-01; 0; NA; 1; 10 ans; 1/15 jours; Air-RPBricolage; PINGRICA1; 
BRICO_O_192; Pince a sertir les profil metallique (BA13); ; ; ; 1; 2012-03-29; 59.8; 2000-01-01; 0; NA; 1; 10 ans; 1/15 jours; Air-RPBricolage; PINSERPR1; 
BRICO_O_193; Lot maconnerie: 1 truelle ronde 22cm + 1 truelle carre 20cm + 1 seau + une auge a gache 35 L; ; ; ; 1; 2012-03-29; 35.2; 2000-01-01; 0; NA; 1; 10 ans; 1/15 jours; Air-RPBricolage; LOTMACON1; 
BRICO_O_194; Lot maconnerie: 1 truelle ronde 22cm + 1 truelle carre 20cm + 1 seau + une auge a gache 35 L; ; ; ; 1; 2012-03-29; 35.2; 2000-01-01; 0; NA; 1; 10 ans; 1/15 jours; Air-RPBricolage; LOTMACON2; 
BRICO_O_195; Regle de macon aluminium 2m (2000x100x18); ; ; ; 1; 2012-03-29; 18.9; 2000-01-01; 0; NA; 1; 10 ans; 1/15 jours; Air-RPBricolage; REGLMAC1; 
BRICO_O_196; Regle de macon aluminium 3m (3000x100x18); ; ; ; 1; 2012-03-29; 24.1; 2000-01-01; 0; NA; 1; 10 ans; 1/15 jours; Air-RPBricolage; REGLMAC2; 
BRICO_O_197; Regle de macon aluminium 4m (4000x100x18); ; ; ; 1; 2012-03-29; 33.7; 2000-01-01; 0; NA; 1; 10 ans; 1/15 jours; Air-RPBricolage; REGLMAC3; 
BRICO_O_198; Grattoir de sol sur manche avec lame en carbure; ; ; ; 1; 2012-03-29; 81.8; 2000-01-01; 0; NA; 1; 10 ans; 1/15 jours; Air-RPBricolage; GRATTOIR1; 
BRICO_O_199; Cle a molette de 0 a 45mm; ; ; ; 1; 2012-03-29; 56.7; 2000-01-01; 0; NA; 1; 10 ans; 1/15 jours; Air-RPBricolage; CLEMOLET1; 
BRICO_O_200; cle a molette de 0 a 45 mm; ; ; ; 1; 2012-03-29; 56.7; 2000-01-01; 0; NA; 1; 10 ans; 1/15 jours; Air-RPBricolage; CLEMOLET2; 
BRICO_O_201; Tournevis a frapper 13 pieces (Facom NS.263M); NA; NS.263M; FACOM; 1; 2012-03-29; 154.5; 2000-01-01; 0; NA; 1; 10 ans; 1/15 jours; Air-RPBricolage; TOURFRAP1; 
BRICO_O_202; Touret a meuler diametre 200mm meule+brosse 900W SIDAMO; ; ; ; 1; 2012-03-29; 260.2; 2000-01-01; 0; NA; 1; 10 ans; 1/15 jours; Air-RPBricolage; TOURET001; 
BRICO_O_203; extracteur a 2 griffes exterieur de 10 a 80mm (Facom U.301); NA; U.301; FACOM; 1; 2012-03-29; 58.2; 2000-01-01; 0; NA; 1; 10 ans; 1/15 jours; Air-RPBricolage; EXTRACT01; 
BRICO_O_204; Extracteur a 3 griffes. 2 lot de griffes : exterieur de 10 a 180mm, interieur de 50 a 170mm (Facom U.306-180PB); NA; U.306-180PB; FACOM; 1; 2012-03-29; 205.72; 2000-01-01; 0; NA; 1; 10 ans; 1/15 jours; Air-RPBricolage; EXTRACT02; 
BRICO_O_205; Coffret d'embouts a 6 pans 5 a 19mm carre 1/2 (Facom STM J9); ; ; ; 1; 2012-03-29; 162; 2000-01-01; 0; NA; 1; 10 ans; 1/15 jours; Air-RPBricolage; EMB6PAN1; 
BRICO_O_206; Bac a gacher 200x140cm; ; ; ; 1; 2012-03-29; 113.6; 2000-01-01; 0; NA; 1; 10 ans; 1/15 jours; Air-RPBricolage; BACGACHE1; 
BRICO_O_207; Pelle ronde; ; ; ; 1; 2012-03-29; 11.7; 2000-01-01; 0; NA; 1; 10 ans; 1/15 jours; Air-RPBricolage; PELLERON1; 
BRICO_O_208; Lot de 2 douilles 30 et 34 carre 1/2; ; ; ; 1; 2012-03-29; 11.3; 2000-01-01; 0; NA; 1; 10 ans; 1/15 jours; Air-RPBricolage; DOUILLE01; 
BRICO_O_209; Echafaudage telescopique Tubesca X-Tenso Tower Hauteur de travail maxi : 4m Hauteurs de plancher : 0.61/1/1.25/1.50/1.75/2m Poids : 55Kg Encombrement pli?® : 1.20m x 0.40m x .070m Dimensions du plancher : 1.40 x 0.68m Dimensions au sol : 1.45m x 0.65m; ; ; ; 1; 2012-03-29; 1435.2; 2000-01-01; 0; NA; 1; 10 ans; 1/15 jours; Air-RPBricolage; ECHAFA002; 
BRICO_O_210; 1x Plate-forme t?®lescopique TELESTEPS Superficie 1360 x 410 mm Hauteurs 88 / 68 / 50 cm Hauteurs de travail 260 / 240 / 220 cm Dimensions repli?®e 740 x 280 x 620 mm Largeur 62 cm Poids 17.4 kg; ; ; ; 1; 2012-03-29; 348; 2000-01-01; 0; NA; 1; 10 ans; 1/15 jours; Air-RPBricolage; PLATEF002; 
BRICO_O_211; Ponceuse excentrique (Bosch GEX 150 turbo) en coffret; ; ; ; 1; 2029-03-20; 400; 2000-01-01; 0; NA; 1; 10 ans; 1/15 jours; Air-RPBricolage; PONCEU006; 
BRICO_O_212; Diable aluminium repliable 125 kg; NA; 125 Kg; MATADOR; 1; 2028-06-20; 137.5; 2000-01-01; 0; NA; 1; 10 ans; 1/15 jours; Air-RPBricolage; DIABLE006; 
BRICO_O_213; PLATEAU ROULANT 600X400 HAUT. 150 CAOUTCHOUC; NA; Plateau Roulant; NA; 1; 2030-04-20; 85.4; 2000-01-01; 0; NA; 1; 10 ans; 1/15 jours; Air-RPBricolage; DIABLE007; 
BRICO_O_214; PLATEAU ROULANT 600X400 HAUT. 150 CAO; NA; Plateau Roulant; NA; 1; 2030-04-20; 89.4; 2000-01-01; 0; NA; 1; 10 ans; 1/15 jours; Air-RPBricolage; DIABLE008; 
BRICO_O_215; Pistolet a colle (thermocolleur); ; ; ; 1; 2012-05-31; 84; 2000-01-01; 0; NA; 1; 10 ans; 1/15 jours; Air-RPBricolage; PISTOCOLLE001; 
BRICO_O_216; Clef a chocs facom CL2.C1913D + coffret 11 douilles de 12 a 24.; ; CL2.C1913D; FACOM; 1; 2012-04-30; 575; 2000-01-01; 0; NA; 1; 10 ans; 1/15 jours; Air-RPBricolage; CLEFCHOC001; 
BRICO_O_217; scie sauteuse metabo STE135; ; ; ; 1; 2012-03-29; 243; 2000-01-01; 0; NA; 1; 10 ans; 1/15 jours; Air-RPBricolage; SCIESAUT003; 
BRICO_O_218; Visseuse placo Metabo SE4000 + chargeur automatique de vis Dediee placo; ; ; ; 1; 2012-03-29; 721.38; 2000-01-01; 0; NA; 1; 10 ans; 1/15 jours; Air-RPBricolage; VISPLACO001; 
BRICO_O_219; Scie circulaire Festool TS75 EBQ + FS; ; ; ; 1; 2012-03-29; 947; 2000-01-01; 0; NA; 1; 10 ans; 1/15 jours; Air-RPBricolage; SCIECIR004; 
BRICO_O_220; Adaptateur scie sauteuse 2 lames; ; ; ; 1; 2012-07-30; 65; 2000-01-01; 0; NA; 1; 10 ans; 1/15 jours; Air-RPBricolage; SCIESAUT2LAMES; 
BRICO_O_221; protection de chantier, anti poussieres; ; ; ; 1; 2012-03-29; 375; 2000-01-01; 0; NA; 1; 10 ans; 1/15 jours; Air-RPBricolage; ZIPWALL001; 
BRICO_O_222; protection de chantier, anti poussieres; ; ; ; 1; 2012-03-29; 375; 2000-01-01; 0; NA; 1; 10 ans; 1/15 jours; Air-RPBricolage; ZIPWALL002; 
BRICO_O_223; Kit de d?®m?®nagement avec un plateau roulant et 5 bacs plastiques empilables; ; ; ; 1; 2012-04-30; 305; 2000-01-01; 0; NA; 1; 10 ans; 1/15 jours; Air-RPBricolage; DEMEN0001; 
BRICO_O_224; Fraiseuse ?ï¿½ lamelles BOSCH GFF 22 A Professional; 01000013; GFF 22 A; BOSCH; 1; 0000-00-00; 476.69; 2000-01-01; 0; NA; 1; 10 ans; 1/15 jours; Air-RPBricolage; FRAISELAME1; 
BRICO_O_225; Carrelette manuelle 40 cm RUBI TS-40; NA; TS-40; RUBI; 1; 0000-00-00; 202; 2000-01-01; 0; NA; 1; 10 ans; 1/15 jours; Air-RPBricolage; CARREL002; 
BRICO_O_226; Rainureus a beton BOSCH GNF 65A Professional rainure : profondeur 20-65 mm largeur 3-40 mm; ; ; ; 1; 0000-00-00; 1190; 2000-01-01; 0; NA; 1; 10 ans; 1/15 jours; Air-RPBricolage; RAINUR002; 
BRICO_O_227; Aspirateur eau et poussiere ATTIX 30.21 XC complet; ; ; ; 1; 2012-03-29; 595; 2000-01-01; 0; NA; 1; 10 ans; 1/15 jours; Air-RPBricolage; ASPIRA006; 
BRICO_O_228; Pistolet a peinture airless, wagner Finish R250; ; ; ; 1; 0000-00-00; 2333; 2000-01-01; 0; NA; 1; 10 ans; 1/15 jours; Air-RPBricolage; AIRLESS1; 
BRICO_O_229; lot de 2 Rampes voiture (1 tonne par rampe); ; ; ; 1; 0000-00-00; 77; 2000-01-01; 0; NA; 1; 10 ans; 1/15 jours; Air-RPBricolage; RAMPE1; 
BRICO_O_230; Aspirateur NILFISK multi 20T pour travaux; ; ; ; 1; 0000-00-00; 161; 2000-01-01; 0; NA; 1; 10 ans; 1/15 jours; Air-RPBricolage; ASPIRA007; 
BRICO_O_231; Aspirateur NILFISK multi 20T pour travaux; ; ; ; 1; 0000-00-00; 161; 2000-01-01; 0; NA; 1; 10 ans; 1/15 jours; Air-RPBricolage; ASPIRA008; 
BRICO_O_232; Chargeur demarreur autonome GYSPACK 810 Permet de demarrer un vehicule; ; ; ; 1; 0000-00-00; 486; 2000-01-01; 0; NA; 1; 10 ans; 1/15 jours; Air-RPBricolage; CHARGE002; 
BRICO_O_233; Merlin leborgne 3Kg + Coin anti eclat; NA; MERLIN; LEBORGNE; 1; 0000-00-00; 200; 2000-01-01; 0; NA; 1; 10 ans; 1/15 jours; Air-RPBricolage; MERLIN01; 
BRICO_O_234; set de mesure (palmer, palper, pied a coulisse); ; ; ; 1; 2013-01-30; 101.66; 2000-01-01; 0; NA; 1; 10 ans; 1/15 jours; Air-RPBricolage; MESURE01; 
BRICO_O_235; Paire de treteaux pliable. 200Kg par treteau, Hauteau 640 mm a 1030mm, Largeur 118mm; ; ; ; 1; 2012-12-31; 90.65; 2000-01-01; 0; NA; 1; 10 ans; 1/15 jours; Air-RPBricolage; TRETEAUX001; 
BRICO_O_236; Peuceuse d'angle METABO WBE700; ; ; ; 1; 2012-12-31; 440.13; 2000-01-01; 0; NA; 1; 10 ans; 1/15 jours; Air-RPBricolage; PERCEANGLE001; 
BRICO_O_237; Diable aluminium repliable 125 kg; NA; 125 Kg; MATADOR; 1; 2012-12-31; 45.44; 2000-01-01; 0; NA; 1; 10 ans; 1/15 jours; Air-RPBricolage; DIABLE009; 
BRICO_O_238; DIABLE ESCALIER BAVETTE RABATTABLE ROUE EN ETOILE 250 KG; NA; DIABLE ESCALIER BAVETTE RABATTABLE; REVERT; 1; 2012-12-31; 155.5; 2000-01-01; 0; NA; 1; 10 ans; 1/15 jours; Air-RPBricolage; DIABLE010; 
BRICO_O_239; Souffleur a dos STIHL BR500 avec tube de soufflage; ; ; ; 1; 2012-12-31; 730.76; 2000-01-01; 0; NA; 1; 10 ans; 1/15 jours; Air-RPBricolage; SOUFLE002; 
BRICO_O_240; Kit de mortaises magnetiques + Rasto LAMELLO INVIS MX Prevoir l'achat des fournitures http://www.lamello.com/fr/accueil/assemblage-du-bois/systeme-invis-mx/invis-mx.html; ; ; ; 1; 2013-01-31; 661; 2000-01-01; 0; NA; 1; 10 ans; 1/15 jours; Air-RPBricolage; KITMORTAISE1; 
BRICO_O_241; Localisateur de cable FLUKE 2042; ; ; ; 1; 0001-01-01; 1130; 2000-01-01; 0; NA; 1; 10 ans; 1/15 jours; Air-RPBricolage; LOCALISATEURDECABLE1; 
BRICO_O_242; Taraud + Filieres + Forets de M3 a M12 (pas de pas imperial) TIVOLY MTF30; ; ; ; 1; 2013-01-30; 297.8; 2000-01-01; 0; NA; 1; 10 ans; 1/15 jours; Air-RPBricolage; TARAUDFILIERE1; 
BRICO_O_243; Perforateur SDS+ BOSCH GBH 2-26 RE 800Watt; 202000506; GBH 2-26 RE; BOSCH; 1; 0001-01-01; 166; 2000-01-01; 0; NA; 1; 10 ans; 1/15 jours; Air-RPBricolage; PERFOR008; 
BRICO_O_244; Perforateur SDS+ BOSCH GBH 2-26 RE 800Watt; 202000509; GBH 2-26 RE; BOSCH; 1; 0001-01-01; 166; 2000-01-01; 0; NA; 1; 10 ans; 1/15 jours; Air-RPBricolage; PERFOR009; 
BRICO_O_245; nilfisk alto poseidon 3-30 XT; 301002201; Poseidon 3-30XT; NILFISK; 1; 0001-01-01; 800; 2000-01-01; 0; NA; 1; 10 ans; 1/15 jours; Air-RPBricolage; NETTHP004; 
BRICO_O_246; pulverisateur MULTIREX portee 10m; ; ; ; 1; 2013-01-31; 149.5; 2000-01-01; 0; NA; 1; 10 ans; 1/15 jours; Air-RPBricolage; PULVERISATEUR001; 
BRICO_O_247; Pince PER/Multicouche VIPER l10 + 6 Inserts de type TH de diametre 14, 15, 16, 17, 18 et 20 3 Inserts de type U de diametre 16, 18 et 20. Calibreur / Ebavureur VIRAX 2212 16x2 - 20x2 - 26x3 - 32x3; ; ; ; 1; 2013-06-30; 1239.2; 2000-01-01; 0; NA; 1; 10 ans; 1/15 jours; Air-RPBricolage; PINCEPER001; 
BRICO_O_248; Thermo furet - pemetttant de passer des gaine de cable sans faire de rainure dans du placo avec polystyrene.; ; ; ; 1; 2013-01-31; 1130.45; 2000-01-01; 0; NA; 1; 10 ans; 1/15 jours; Air-RPBricolage; THERMOFURET001; 
BRICO_O_249; Nettoyeur vapeur Alto steamtec 51H; 303000406; Steamtech 51H; NILFISK; 1; 2013-01-30; 450.35; 2000-01-01; 0; NA; 1; 10 ans; 1/15 jours; Air-RPBricolage; NETTVA002; 
BRICO_O_254; ETAI 1.6m - 2.4m ALTRAD EAP04; ; ; ; 1; 2011-02-03; 23.74; 2000-01-01; 0; NA; 1; 10 ans; 1/15 jours; Air-RPBricolage; ETAI001; 
BRICO_O_255; ETAI 1.6m - 2.4m ALTRAD EAP04; ; ; ; 1; 2011-02-03; 23.74; 2000-01-01; 0; NA; 1; 10 ans; 1/15 jours; Air-RPBricolage; ETAI002; 
BRICO_O_256; ETAI 1.6m - 2.4m ALTRAD EAP04; ; ; ; 1; 2011-02-03; 23.74; 2000-01-01; 0; NA; 1; 10 ans; 1/15 jours; Air-RPBricolage; ETAI003; 
BRICO_O_257; ETAI 1.6m - 2.4m ALTRAD EAP04; ; ; ; 1; 2011-02-03; 23.74; 2000-01-01; 0; NA; 1; 10 ans; 1/15 jours; Air-RPBricolage; ETAI004; 
BRICO_O_259; Sonometre DIGITAL INSTRUMENT SL 801 30 a 130 dBA 35 a 130 dBC; ; ; ; 1; 0000-00-00; 115; 2000-01-01; 0; NA; 1; 10 ans; 1/15 jours; Air-RPBricolage; SONOMETRE1; 
BRICO_O_260; rallonge jardinage sur enrouleur 40m; NA; ; ; 1; 2013-04-30; 82.29; 2000-01-01; 0; NA; 1; 10 ans; 1/15 jours; Air-RPBricolage; ENROULJAR1; 
BRICO_O_261; rallonge jardinage sur enrouleur 40m; ; ; ; 1; 2013-04-30; 82.29; 2000-01-01; 0; NA; 1; 10 ans; 1/15 jours; Air-RPBricolage; ENROULJAR2; 
BRICO_O_262; rallonge jardinage sur enrouleur 40m; ; ; ; 1; 2013-04-30; 82.29; 2000-01-01; 0; NA; 1; 10 ans; 1/15 jours; Air-RPBricolage; ENROULJAR3; 
BRICO_O_263; Palan manuel 2T; ; ; ; 1; 2011-02-03; 357.6; 2000-01-01; 0; NA; 1; 10 ans; 1/15 jours; Air-RPBricolage; PALAN1; 
BRICO_O_264; Tuyau d'arrosage 15m; ; ; ; 1; 0000-00-00; 0; 2000-01-01; 0; NA; 1; 10 ans; 1/15 jours; Air-RPBricolage; TUYAUARROSAGE1; 
BRICO_O_265; Tuyau d'arrosage 15 m plat; ; ; ; 1; 2013-04-30; 27.78; 2000-01-01; 0; NA; 1; 10 ans; 1/15 jours; Air-RPBricolage; TUYAUARROSAGE2; 
BRICO_O_267; Pulverisateur a dos manuel Stihl SG20; 979859638; SG20; STIHL; 1; 0001-01-01; 200; 2000-01-01; 0; NA; 1; 10 ans; 1/15 jours; Air-RPBricolage; PULVERISATEUR02; 
BRICO_O_268; Camera endoscopique 1 metre AGM TEC avec camera de 16, 9 et 5.5mm plus des accessoires (mirroirs, crochets, aimant); ; ; ; 1; 0001-01-01; 900; 2000-01-01; 0; NA; 1; 10 ans; 1/15 jours; Air-RPBricolage; CAMENDOS2; 
BRICO_O_269; Fer ?á souder WELLER WSD 81. Unit?® d'alimentation 1 canal 80 W, 230 V, Fer ?á souder WSP 80 (80 W, 24 V) avec technologie d'?®l?®ment chauffant "Silver Line", Panne standard LT B et support de s?®curit?® avec ?®ponge de nettoyage WPH 80; ; ; ; 1; 2013-08-29; 340.7; 2000-01-01; 0; NA; 1; 10 ans; 1/15 jours; Air-RPBricolage; FERSOUDE1; 
BRICO_O_270; Fraiseuse-Mortaiseuse Festool Domino XL DF700 EQ avec 4 fraises diametre 8, 10, 12 et 14 mm; ; ; ; 1; 2013-10-03; 1385; 2000-01-01; 0; NA; 1; 10 ans; 1/15 jours; Air-RPBricolage; MORTAISEUSE1; 
BRICO_O_271; Ponceuse orbitale delta - Hitachi SV 12 SH; JN70059; SV12SH; HITACHI; 1; 0001-01-01; 100; 2000-01-01; 0; NA; 1; 10 ans; 1/15 jours; Air-RPBricolage; PONCEU007; 
BRICO_O_272; Ponceuse a bande metabo BAE 75 + socle poncage vertical; ; ; ; 1; 2013-11-16; 249.96; 2000-01-01; 0; NA; 1; 10 ans; 1/15 jours; Air-RPBricolage; PONCEU008; 
BRICO_O_275; Nettoyeur HP NILFISK Poseidon 4; 301002910; Poseidon 4-30XT; NILFISK; 1; 0001-01-01; 0; 2000-01-01; 0; NA; 1; 10 ans; 1/15 jours; Air-RPBricolage; NETTHP005; 
BRICO_O_276; Testeur d'installation ?®lectrique FLUKE 1654B. Mesure de la tension, de la fr?®quence, de la r?®sistance d'isolement, de la continuit?®, de lÔÇÖimp?®dance de ligne/boucle, de la r?®sistance ?á la terre, du temps et du courant de d?®clenchement des disjoncteurs diff?®rentiels, de l'ordre des phases.; ; ; ; 1; 0001-01-01; 1966; 2000-01-01; 0; NA; 1; 10 ans; 1/15 jours; Air-RPBricolage; TESTEUR_INSTALL_ELECTRIQUE01; 
BRICO_O_277; METABO PE 12 175; ; ; ; 1; 0001-01-01; 0; 2000-01-01; 0; NA; 1; 10 ans; 1/15 jours; Air-RPBricolage; PONCEUSE_PIERRE_POUTRE; 
BRICO_O_278; Coffret de 28 pieces FACOM SM.441EP cliquet + douilles au pas metrique. Taille des douilles: 8,9,10,11,12,13,14,15,16,17,18,19,21,22,23,24,26,27,28,29,30,32,34; NA; S.441AEP; FACOM; 1; 0001-01-01; 200; 2000-01-01; 0; NA; 1; 10 ans; 1/15 jours; Air-RPBricolage; COFFRET_DOUILLE_demi_METRIQUE; 
BRICO_O_279; Coffret de 23 pieces FACOM S.441AUP cliquet + douilles au pas en pouce. Taille des douilles: 3/8, 7/16, 1/2, 9/16, 19/32, 5/8, 21/32, 11/16, 3/4, 25/32, 13/16, 7/8, 15/16, 31/32, 1', 1'1/16, 1'1/8, 1'1/4; NA; S.441AUP; FACOM; 1; 0001-01-01; 228; 2000-01-01; 0; NA; 1; 10 ans; 1/15 jours; Air-RPBricolage; COFFRET_DOUILLE_demi_IMPERIAL; 
BRICO_O_280; Coffret de 19 pieces FACOM R.420P cliquet + douilles au pas metrique. Taille des douilles: 3.2, 4, 5, 5.5, 6 a 14.; NA; R.420P; FACOM; 1; 0001-01-01; 125; 2000-01-01; 0; NA; 1; 10 ans; 1/15 jours; Air-RPBricolage; COFFRET_DOUILLE_quart_METRIQUE; 
BRICO_O_281; Decolleuse de moquette FESTOLL TPE-RS 100 Q-Plus + manche; ; ; ; 1; 0001-01-01; 830; 2000-01-01; 0; NA; 1; 10 ans; 1/15 jours; Air-RPBricolage; DECOLMOQUETTE1; 
BRICO_O_283; Tondeuse-debrousailleuse SARP DE516BV; ; ; ; 1; 0000-00-00; 1200; 2000-01-01; 0; NA; 1; 10 ans; 1/15 jours; Air-RPBricolage; DEBROU002; 
BRICO_O_284; Principales utilisations La sp?®cialiste des grandes surfaces La solution optimale pour le retrait de mat?®riau lors de travaux de r?®novation ou d'assainissement Pour l'?®limination du ciment, des rev?¬tements sur supports durs et des r?®sidus de colle Pour les grandes surfaces au sol ou au plafond L'outil adapt?® ?á chaque application et ?á chaque mat?®riau fraiseuse Festool RG 150 / Aspirateur festools CTM 36 E AV; ; ; ; 1; 0001-01-01; 2230; 2000-01-01; 0; NA; 1; 10 ans; 1/15 jours; Air-RPBricolage; RENOVEUSE; 
BRICO_O_285; fend buche manuel fiskars; NA; Fend Buche; FISKARS; 1; 0001-01-01; 0; 2000-01-01; 0; NA; 1; 10 ans; 1/15 jours; Air-RPBricolage; FENBUC002; 
BRICO_O_286; Betoniere ROLLBETA IMER; ; ; ; 1; 0001-01-01; 0; 2000-01-01; 0; NA; 1; 10 ans; 1/15 jours; Air-RPBricolage; BETONIERE; 
BRICO_O_287; Equilibreur de charge BAHCO BH6AC1-680; ; ; ; 1; 0001-01-01; 0; 2000-01-01; 0; NA; 1; 10 ans; 1/15 jours; Air-RPBricolage; EQUILIBREUR; 
BRICO_O_288; Coupeuse RUBI DIAMANT DW-250-NL Fa?ºon de coupe: humide Puissance: 1500 W Diam?¿tre de disque: 250 mm Longueur de coupe max.: 1030 mm Epaisseur de coupe max.: 60 mm; ; ; ; 1; 0001-01-01; 0; 2000-01-01; 0; NA; 1; 10 ans; 1/15 jours; Air-RPBricolage; CARREL003; 
BRICO_O_289; Cloueur ?á gaz MAKITA GN900SE Cloueur autonome ?á gaz sp?®cial bois (id?®al pour le clouage de charpente); ; ; ; 1; 0001-01-01; 0; 2000-01-01; 0; NA; 1; 10 ans; 1/15 jours; Air-RPBricolage; CLOUEUSE; 
BRICO_O_290; Aerogommeuse Colibri ACF + casque; ; ; ; 1; 0001-01-01; 0; 2000-01-01; 0; NA; 1; 10 ans; 1/15 jours; Air-RPBricolage; SABLEUSE; 
BRICO_O_291; Escabeau telescopique de 2.19m; ; ; ; 1; 0001-01-01; 0; 2000-01-01; 0; NA; 1; 10 ans; 1/15 jours; Air-RPBricolage; ESCATEL001; 
BRICO_O_292; Kit de ramonage complet - 6 cannes a ramoner de 1.53m chacunes - Entonoire receptacle Large eventail de herissons en accessoire; NA; Diametre[voir titre] - Pas 12x175; Progalva; 1; 2015-01-14; 0; 2000-01-01; 0; NA; 1; 10 ans; 1/15 jours; Air-RPBricolage; RAMONAGE; 
BRICO_O_293; Coupe a droite et coupe a gauche SUPERCOUP NR3 TO - Cisaille grignoteuse sp?®ciale t??le ondul?®e avec coupe copeaux int?®gr?®; ; ; ; 1; 0001-01-01; 0; 2000-01-01; 0; NA; 1; 10 ans; 1/15 jours; Air-RPBricolage; CISAILLE_TOLE; 
BRICO_O_294; Coupe-branches multifonctions t?®lescopique 6,50 m de port?®e 32 mm UP86; ; ; ; 1; 0001-01-01; 0; 2000-01-01; 0; NA; 1; 10 ans; 1/15 jours; Air-RPBricolage; ECHENI002; 
BRICO_O_295; Coupe tube plastique (voir la doc); ; ; ; 1; 0001-01-01; 86; 2000-01-01; 0; NA; 1; 10 ans; 1/15 jours; Air-RPBricolage; COUTUB002; 
BRICO_O_296; Extracteur de rotule FACOM U16B; NA; U16B; FACOM; 1; 2015-01-14; 0; 2000-01-01; 0; NA; 1; 10 ans; 1/15 jours; Air-RPBricolage; EXTRACTEUR_ROTULE01; 
BRICO_O_297; systeme de desembouage SENTINEL Jet Flush; ; ; ; 1; 2015-01-14; 500; 2000-01-01; 0; NA; 1; 10 ans; 1/15 jours; Air-RPBricolage; DESEMBOUEUSE; 
BRICO_O_298; Odometre nedo (precision 10 cm); NA; 10D M 05-2014 GE; NEDO; 1; 2015-01-14; 83; 2000-01-01; 0; NA; 1; 10 ans; 1/15 jours; Air-RPBricolage; ODOMETRE01; 
BRICO_O_299; Pince a ressort variable taille moyenne - lot de 2; ; ; ; 1; 2015-01-14; 20; 2000-01-01; 0; NA; 1; 10 ans; 1/15 jours; Air-RPBricolage; LOT_PINCE01; 
BRICO_O_300; Pince a ressort variable taille moyenne - lot de 2; ; ; ; 1; 2015-01-14; 20; 2000-01-01; 0; NA; 1; 10 ans; 1/15 jours; Air-RPBricolage; LOT_PINCE02; 
BRICO_O_301; Pince a ressort variable taille grande- lot de 2; ; ; ; 1; 2015-01-14; 21; 2000-01-01; 0; NA; 1; 10 ans; 1/15 jours; Air-RPBricolage; LOT_PINCE03; 
BRICO_O_302; Pince a ressort variable taille grande- lot de 2; ; ; ; 1; 2015-01-14; 21; 2000-01-01; 0; NA; 1; 10 ans; 1/15 jours; Air-RPBricolage; LOT_PINCE04; 
BRICO_O_303; Agrafeuse electrique Arrow ET50 RED; ; ; ; 1; 2015-01-14; 138; 2000-01-01; 0; NA; 1; 10 ans; 1/15 jours; Air-RPBricolage; AGRAEL002; 
BRICO_O_304; 5 Forets cloches diamant 35mm, 45mm, 55mm, 68mm, 105mm; ; ; ; 1; 2015-01-14; 180; 2000-01-01; 0; NA; 1; 10 ans; 1/15 jours; Air-RPBricolage; FORET_DIAM; 
BRICO_O_305; Motobineuse SARP SMCS; ; ; ; 1; 2015-01-14; 450; 2000-01-01; 0; NA; 1; 10 ans; 1/15 jours; Air-RPBricolage; MOTOBI002; 
BRICO_O_306; EDMA Straticut 890 + 2 cales de dilatation d'equerage; ; ; ; 1; 2015-01-14; 233; 2000-01-01; 0; NA; 1; 10 ans; 1/15 jours; Air-RPBricolage; GUILLOTINE_PARQUET; 
BRICO_O_307; Niveau laser BOSH GLL 3-80 P; ; ; ; 1; 2015-01-14; 494; 2000-01-01; 0; NA; 1; 10 ans; 1/15 jours; Air-RPBricolage; NLASER002; 
BRICO_O_308; Taille haie KAAZ TMA 501, taille de coupe 55cm; ; ; ; 1; 2015-01-14; 637; 2000-01-01; 0; NA; 1; 10 ans; 1/15 jours; Air-RPBricolage; TAILLH005; 
BRICO_O_309; Leve plaque EDMA 645 et 2 griffres EDMA 64055; ; ; ; 1; 2015-01-14; 36; 2000-01-01; 0; NA; 1; 10 ans; 1/15 jours; Air-RPBricolage; PORTEPLAQUE; 
BRICO_O_310; lot de 4 pinces circlips FACOM PCSNJ4PB (circlip interieur 12-25 & 18-60) (circlips exterieur 10-25 & 18-60); NA; PCSNJ4PB; FACOM; 1; 2015-01-14; 82; 2000-01-01; 0; NA; 1; 10 ans; 1/15 jours; Air-RPBricolage; PINCE_CIRCLIPS; 
BRICO_O_311; Vibreur a beton - ENAR DINGO avec tuyau de 3m et aiguille de 40mm; ; ; ; 1; 2015-01-14; 480; 2000-01-01; 0; NA; 1; 10 ans; 1/15 jours; Air-RPBricolage; VIBREURBETON; 
BRICO_O_312; EDMA 66155 Etai 3ieme main pour maintien de plaques de platre au plafond ou en sous pente - deployable de 1.6m a 2.9 m; ; ; ; 1; 2015-01-14; 0; 2000-01-01; 0; NA; 1; 10 ans; 1/15 jours; Air-RPBricolage; ETAI_PLAQUISTE; 
BRICO_O_313; Tronconneuse thermique EFCO MT6500; ; ; ; 1; 2015-03-29; 582; 2000-01-01; 0; NA; 1; 10 ans; 1/15 jours; Air-RPBricolage; TRONCO005; 
BRICO_O_314; Pince Etau FACOM 516; NA; Pince 516; FACOM; 1; 0001-01-01; 0; 2000-01-01; 0; NA; 1; 10 ans; 1/15 jours; Air-RPBricolage; PINCE_ETAU_1; 
BRICO_O_315; Pince Etau FACOM 516; NA; Pince 516; FACOM; 1; 0001-01-01; 0; 2000-01-01; 0; NA; 1; 10 ans; 1/15 jours; Air-RPBricolage; PINCE_ETAU_2; 
BRICO_O_316; Pince etau FACOM T5L; NA; Pince T5L; FACOM; 1; 0001-01-01; 0; 2000-01-01; 0; NA; 1; 10 ans; 1/15 jours; Air-RPBricolage; PINCE_ETAU_3; 
BRICO_O_317; Pince etau FACOM T5L; NA; Pince T5L; ; 1; 0001-01-01; 0; 2000-01-01; 0; NA; 1; 10 ans; 1/15 jours; Air-RPBricolage; PINCE_ETAU_4; 
BRICO_O_318; aspirateur a cendre Amphora 810 - 830 watt; NA; 0810; Amphora; 1; 0001-01-01; 0; 2000-01-01; 0; NA; 1; 10 ans; 1/15 jours; Air-RPBricolage; RAMONAGE_KIT_ASPI; 
BRICO_O_319; Kit de ralonge (largeur de travail) de rainurage (brise-mottes) et soc.; ; ; ; 1; 0001-01-01; 0; 2000-01-01; 0; NA; 1; 10 ans; 1/15 jours; Air-RPBricolage; MOTOBI002_KIT; 
BRICO_O_320; Harnais - kit anti chute pour couvreur Harnais HT22 + connecteur + longe + 10m de cordage; NA; HT22; ; 1; 0001-01-01; 275.28; 2000-01-01; 0; NA; 1; 10 ans; 1/15 jours; Air-RPBricolage; HARNAIS001; 

